act_number,tree_adress,Latitude,Longitude,tree_cut_requester,tree_characteristics,number,date,cutting_act,was_cut,date_number,date_UTF,tree_adress_shorten
"№ 3608
 від 09.01.18","м. Кропивницький вул. Генерала Родимцева, 94 (за будинком)",48.4972704,32.3071419,КП «ЖЕО № 2» Міської ради міста Кропивницького,клен діам. 15-20 см,1,№ 328/03-01-06 від 16.02.18,16.02.18,True,№ 328/03-01-06,16.02.18,"м. Кропивницький вул. Генерала Родимцева, 94"
"№ 3609
 від 09.01.18","м. Кропивницький вул. Героїв України, 12, корп. 5 (позаду під'їзду № 3)",48.4941379,32.218763,КП «ЖЕО № 4» Міської ради міста Кропивницького,тополя діам. 30-35 см,1,№ 328/03-01-06 від 16.02.18,16.02.18,True,№ 328/03-01-06,16.02.18,"м. Кропивницький вул. Героїв України, 12, корп. 5"
"№ 3609
 від 09.01.18","м. Кропивницький вул. Героїв України, 12, корп. 5 (позаду під'їзду № 5 та № 6)",48.494176,32.2187183,КП «ЖЕО № 4» Міської ради міста Кропивницького,вишня діам. 20-25 см,5,№ 328/03-01-06 від 16.02.18,16.02.18,True,№ 328/03-01-06,16.02.18,"м. Кропивницький вул. Героїв України, 12, корп. 5"
"№ 3609
 від 09.01.18","м. Кропивницький вул. Героїв України, 12, корп. 5 (з боку під'їзду № 6)",48.4941946,32.2187334,КП «ЖЕО № 4» Міської ради міста Кропивницького,абрикос діам. 20-25 см,1,№ 328/03-01-06 від 16.02.18,16.02.18,True,№ 328/03-01-06,16.02.18,"м. Кропивницький вул. Героїв України, 12, корп. 5"
"№ 3609
 від 09.01.18","м. Кропивницький вул. Пацаєва, 12, корп. 2",48.4955177,32.2178,КП «ЖЕО № 4» Міської ради міста Кропивницького,акація діам. 65-70 см,1,№ 328/03-01-06 від 16.02.18,16.02.18,True,№ 328/03-01-06,16.02.18,"м. Кропивницький вул. Пацаєва, 12, корп. 2"
"№ 3610
 від 09.01.18",м. Кропивницький на перехресті вулиць Верхньої Биковської та Великої Перспективної,48.5116132000008,32.2683721,КП «Благоустрій» Міської ради міста Кропивницького»,акація діам. 40-45 см,1,№ 818/03-01-06 від 26.03.18,26.03.18,True,№ 818/03-01-06,26.03.18,м. Кропивницький на перехресті вулиць Верхньої Биковської та Великої Перспективної
"№ 3611
 від 09.01.18","м. Кропивницький вул. Миколи Левитського (між будинками
 № 1-а та № 1/49)",48.507933000002495,32.262468,КП «Благоустрій» Міської ради міста Кропивницького»,акація діам. 75-80 см,1,№ 933/03-01-06 від 06.04.18,06.04.18,True,№ 933/03-01-06,06.04.18,м. Кропивницький вул. Миколи Левитського
"№ 3611
 від 09.01.18",м. Кропивницький просп. Винниченка (уздовж дороги між будинками № 32 та кафе «Старий круг»),48.5079330000012,32.262619,КП «Благоустрій» Міської ради міста Кропивницького»,тополя діам. 65-70 см,1,№ 933/03-01-06 від 06.04.18,06.04.18,True,№ 933/03-01-06,06.04.18,м. Кропивницький просп. Винниченка
"№ 3612
 від 09.01.18",м. Кропивницький вул. Михайлівська (біля обласного центру планування сім'ї та репродукції людини),48.5079330000021,32.262637,КП «Благоустрій» Міської ради міста Кропивницького»,берест діам. 60-65 см,1,№ 345-в від 20.01.18,20.01.18,True,№ 345-в,20.01.18,м. Кропивницький вул. Михайлівська
"№ 3613
 від 09.01.18",м. Кропивницький вул. Петропавлівська (уздовж дороги біля будинку № 5),48.5047651,32.2804212,гр. Сирота О.М.,акація діам. 70-75 см,1,№ 933/03-01-06 від 06.04.18,06.04.18,True,№ 933/03-01-06,06.04.18,м. Кропивницький вул. Петропавлівська
"№ 3614
 від 09.01.18","м. Кропивницький вздовж русла річки Інгул (від мосту по вул. Київській до гідротехнічної споруди
 КП «Теплоенергетик»",48.5292446,32.2454561,ГУ ЖКГ Міської ради міста Кропивницького,клен діам. 10-20 см,12,NotYet,NotYet,False,NotYet,NotYet,м. Кропивницький вздовж русла річки Інгул
"№ 3614
 від 09.01.18","м. Кропивницький вздовж русла річки Інгул (від мосту по вул. Київській до гідротехнічної споруди
 КП «Теплоенергетик»",48.529299,32.2454822,ГУ ЖКГ Міської ради міста Кропивницького,клен діам. 30-60 см,14,NotYet,NotYet,False,NotYet,NotYet,м. Кропивницький вздовж русла річки Інгул
"№ 3614
 від 09.01.18","м. Кропивницький вздовж русла річки Інгул (від мосту по вул. Київській до гідротехнічної споруди
 КП «Теплоенергетик»",48.5292102,32.245465,ГУ ЖКГ Міської ради міста Кропивницького,верба плакуча діам. 50-60 см,3,NotYet,NotYet,False,NotYet,NotYet,м. Кропивницький вздовж русла річки Інгул
"№ 3614
 від 09.01.18","м. Кропивницький вздовж русла річки Інгул (від мосту по вул. Київській до гідротехнічної споруди
 КП «Теплоенергетик»",48.5292739,32.2454741,ГУ ЖКГ Міської ради міста Кропивницького,тополя пірамідальна діам. 60-70 см,3,NotYet,NotYet,False,NotYet,NotYet,м. Кропивницький вздовж русла річки Інгул
"№ 3615
 від 09.01.18","м. Кропивницький вул. Вокзальна, 39-ф",48.51658629999999,32.2524305,ПП «Босфор-Люкс»,тополя діам. 70-75 см,1,NotYet,NotYet,False,NotYet,NotYet,"м. Кропивницький вул. Вокзальна, 39-ф"
"№ 3616
 від 18.01.18","м. Кропивницький вул. Юрія Краснокутського, 1-а",48.53963,32.2614884,КП «ЖЕО № 1» Міської ради міста Кропивницького,клен діам. 40-45 см,1,№ 818/03-01-06 від 26.03.18,26.03.18,True,№ 818/03-01-06,26.03.18,"м. Кропивницький вул. Юрія Краснокутського, 1-а"
"№ 3616
 від 18.01.18","м. Кропивницький вул. Юрія Краснокутського, 1-а",48.539208,32.261433000000004,КП «ЖЕО № 1» Міської ради міста Кропивницького,клен діам. 35-40 см,1,№ 818/03-01-06 від 26.03.18,26.03.18,True,№ 818/03-01-06,26.03.18,"м. Кропивницький вул. Юрія Краснокутського, 1-а"
"№ 3617
 від 18.01.18","м. Кропивницький вул. Будівельників, 1-а",48.5615353,32.241769399999995,КП «ЖЕО № 1» Міської ради міста Кропивницького,сосна діам. 30-35 см,1,№ 345-в від 20.01.18,20.01.18,True,№ 345-в,20.01.18,"м. Кропивницький вул. Будівельників, 1-а"
"№ 3618
 від 18.01.18","м. Кропивницький вул. Варшавська, 2-б (між під. № 5 та № 6)",48.5079330000021,32.26254,КП «ЖЕО № 1» Міської ради міста Кропивницького,горіх діам. 25-30 см,1,№ 818/03-01-06 від 26.03.18,26.03.18,True,№ 818/03-01-06,26.03.18,"м. Кропивницький вул. Варшавська, 2-б"
"№ 3619
 від 18.01.18",м. Кропивницький вул. Декабристів (у дворі будинків № 23-а та 23-б),48.511054599992654,32.262837,КП «ЖЕО № 1» Міської ради міста Кропивницького,акація діам. 40-45 см,1,№ 818/03-01-06 від 26.03.18,26.03.18,True,№ 818/03-01-06,26.03.18,м. Кропивницький вул. Декабристів
"№ 3620
 від 18.01.18","м. Кропивницький вул. Кропивницького, 80 (позаду під'їзду № 1)",48.507933000001145,32.262375,КП «ЖЕО № 2» Міської ради міста Кропивницького,абрикос діам. 20-25 см,1,№ 328/03-01-06 від 16.02.18,16.02.18,True,№ 328/03-01-06,16.02.18,"м. Кропивницький вул. Кропивницького, 80"
"№ 3621
 від 18.01.18","м. Кропивницький вул. Євгена Тельнова, 2, корп. 2 (навпроти під'їзду № 3)",48.5018751,32.234766,КП «ЖЕО № 3» Міської ради міста Кропивницького,яблуня діам. 20-30 см,8,NotYet,NotYet,False,NotYet,NotYet,"м. Кропивницький вул. Євгена Тельнова, 2, корп. 2"
"№ 3622
 від 18.01.18","м. Кропивницький вул. Волкова, 20, корп. 1",48.50509419999293,32.2226812,КП «ЖЕО № 3» Міської ради міста Кропивницького,тополя діам. 35-40 см,1,№ 818/03-01-06 від 26.03.18,26.03.18,True,№ 818/03-01-06,26.03.18,"м. Кропивницький вул. Волкова, 20, корп. 1"
"№ 3622
 від 18.01.18","м. Кропивницький вул. Волкова, 20, корп. 1",48.50509419999327,32.2226221,КП «ЖЕО № 3» Міської ради міста Кропивницького,горіх діам. 85-90 см,1,№ 818/03-01-06 від 26.03.18,26.03.18,True,№ 818/03-01-06,26.03.18,"м. Кропивницький вул. Волкова, 20, корп. 1"
"№ 3622
 від 18.01.18","м. Кропивницький вул. Волкова, 20, корп. 1",48.50509419999589,32.222621999999994,КП «ЖЕО № 3» Міської ради міста Кропивницького,горіх діам. 25-30 см,1,№ 818/03-01-06 від 26.03.18,26.03.18,True,№ 818/03-01-06,26.03.18,"м. Кропивницький вул. Волкова, 20, корп. 1"
"№ 3623
 від 18.01.18","м. Кропивницький вул. Волкова, 14, корп. 1",48.50765879999296,32.2234295,КП «ЖЕО № 3» Міської ради міста Кропивницького,вишня діам. 10-15 см,1,№ 933/03-01-06 від 06.04.18,06.04.18,True,№ 933/03-01-06,06.04.18,"м. Кропивницький вул. Волкова, 14, корп. 1"
"№ 3623
 від 18.01.18","м. Кропивницький вул. Волкова, 14, корп. 1",48.507658799999845,32.223453000000006,КП «ЖЕО № 3» Міської ради міста Кропивницького,вишня діам. 20-25 см,3,№ 933/03-01-06 від 06.04.18,06.04.18,True,№ 933/03-01-06,06.04.18,"м. Кропивницький вул. Волкова, 14, корп. 1"
"№ 3623
 від 18.01.18","м. Кропивницький вул. Волкова, 14, корп. 1",48.507658799997905,32.2234614,КП «ЖЕО № 3» Міської ради міста Кропивницького,тополя діам. 60-65 см,2,№ 933/03-01-06 від 06.04.18,06.04.18,True,№ 933/03-01-06,06.04.18,"м. Кропивницький вул. Волкова, 14, корп. 1"
"№ 3624
 від 18.01.18","м. Кропивницький вул. Бєляєва,7, корп. 3 (за будинком)",48.5103357999992,32.22751380000016,КП «ЖЕО № 3» Міської ради міста Кропивницького,береза діам. 30-35 см,1,№ 818/03-01-06 від 26.03.18,26.03.18,True,№ 818/03-01-06,26.03.18,"м. Кропивницький вул. Бєляєва,7, корп. 3"
"№ 3625
 від 18.01.18","м. Кропивницький вул. Олексія Волохова,9/1 (у дворі біля дитячого майданчика)",48.50793300000762,32.262426,КП «ЖЕО № 3» Міської ради міста Кропивницького,горіх діам. 15-20 см,1,№ 933/03-01-06 від 06.04.18,06.04.18,True,№ 933/03-01-06,06.04.18,"м. Кропивницький вул. Олексія Волохова,9/1"
"№ 3626
 від 18.01.18","м. Кропивницький просп. Перемоги, 14 (за будинком)",48.51989860000001,32.2514592,ОСББ «Перемоги 14-Ковалівка»,вишня діам. 10-15 см,7,NotYet,NotYet,False,NotYet,NotYet,"м. Кропивницький просп. Перемоги, 14"
"№ 3626
 від 18.01.18","м. Кропивницький просп. Перемоги, 14 (за будинком)",48.51984960000001,32.2514698,ОСББ «Перемоги 14-Ковалівка»,слива діам. 10-15 см,1,NotYet,NotYet,False,NotYet,NotYet,"м. Кропивницький просп. Перемоги, 14"
"№ 3627
 від 18.01.18","м. Кропивницький пров. Кінний, 3 (на території закладу)",48.507933000004044,32.262869,ДНЗ № 73 «Червона квіточка»,груша діам. 15-20 см,1,NotYet,NotYet,False,NotYet,NotYet,"м. Кропивницький пров. Кінний, 3"
"№ 3627
 від 18.01.18","м. Кропивницький пров. Кінний, 3 (на території закладу)",48.50793300000828,32.262402,ДНЗ № 73 «Червона квіточка»,абрикос діам. 25-30 см,1,NotYet,NotYet,False,NotYet,NotYet,"м. Кропивницький пров. Кінний, 3"
"№ 3627
 від 18.01.18","м. Кропивницький пров. Кінний, 3 (на території закладу)",48.50793300000908,32.26229,ДНЗ № 73 «Червона квіточка»,тополя діам. 80-85 см,1,NotYet,NotYet,False,NotYet,NotYet,"м. Кропивницький пров. Кінний, 3"
"№ 3628
 від 18.01.18","м. Кропивницький вул. Романа Майстернюка, 7 (уздовж дороги)",48.507933000004215,32.262689,гр. Фіцуліна В.Г.,горіх діам. 50-55 см,1,NotYet,NotYet,False,NotYet,NotYet,"м. Кропивницький вул. Романа Майстернюка, 7"
"№ 3629
 від 18.01.18","м. Кропивницький вул. Волкова, 26, корп. 1",48.4980378,32.222438899998195,КП «ЖЕО № 3» Міської ради міста Кропивницького,тополя діам. 45-50 см,2,№ 818/03-01-06 від 26.03.18,26.03.18,True,№ 818/03-01-06,26.03.18,"м. Кропивницький вул. Волкова, 26, корп. 1"
"№ 3630
 від 23.01.18","м. Кропивницький вул. Євгена Тельнова, 4 (з боку під. № 1)",48.50280720000218,32.232589600000175,КП «ЖЕО № 3» Міської ради міста Кропивницького,яблуня діам. 25-30 см,1,NotYet,NotYet,False,NotYet,NotYet,"м. Кропивницький вул. Євгена Тельнова, 4"
"№ 3631
 від 23.01.18","м. Кропивницький вул. Гагаріна, 48/12",48.50964570000001,32.2787478,гр. Лобанова Л.А.,акація діам. 40-45 см,1,"№ 749-Л
 від 27.02.18",27.02.18,True,"№ 749-Л
",27.02.18,"м. Кропивницький вул. Гагаріна, 48/12"
"№ 3632
 від 23.01.18","м. Кропивницький вул. Олега Ольжича (уздовж дороги біля буд. № 4),",48.5257345,32.276566100000004,КП «Благоустрій» МРМК»,клен діам. 70-75 см,1,NotYet,NotYet,False,NotYet,NotYet,м. Кропивницький вул. Олега Ольжича
"№ 3632
 від 23.01.18","м. Кропивницький вул. Олега Ольжича (уздовж дороги біля буд. № 4),",48.5257708,32.2765507,КП «Благоустрій» МРМК»,шовковиця діам. 35-40 см,1,NotYet,NotYet,False,NotYet,NotYet,м. Кропивницький вул. Олега Ольжича
"№ 3632
 від 23.01.18",м. Кропивницький (уздовж дороги біля ДНЗ № 54),48.50793300000965,32.2621,КП «Благоустрій» МРМК»,тополя діам. 65-75 см,6,NotYet,NotYet,False,NotYet,NotYet,м. Кропивницький
"№ 3632
 від 23.01.18",м. Кропивницький (уздовж дороги біля ДНЗ № 54),48.507933000001934,32.262374,КП «Благоустрій» МРМК»,акація діам. 30-35 см,1,NotYet,NotYet,False,NotYet,NotYet,м. Кропивницький
"№ 3632
 від 23.01.18",м. Кропивницький (уздовж дороги біля ДНЗ № 54),48.50793300000577,32.262683,КП «Благоустрій» МРМК»,клен діам. 30-35 см,1,NotYet,NotYet,False,NotYet,NotYet,м. Кропивницький
"№ 3632
 від 23.01.18",м. Кропивницький на перехресті біля буд. № 38,48.507933000001685,32.262562,КП «Благоустрій» МРМК»,тополя діам. 30-35 см,1,NotYet,NotYet,False,NotYet,NotYet,м. Кропивницький на перехресті біля буд. № 38
"№ 3633
 від 30.01.18","м. Кропивницький вул. Генерала Шумілова, 30",48.4943463,32.267053600000004,ЗОШ № 7,акація діам. 60-70 см,6,NotYet,NotYet,False,NotYet,NotYet,"м. Кропивницький вул. Генерала Шумілова, 30"
"№ 3633
 від 30.01.18","м. Кропивницький вул. Генерала Шумілова, 30",48.4943329,32.2670781,ЗОШ № 7,шовковиця діам. 30-35 см,1,NotYet,NotYet,False,NotYet,NotYet,"м. Кропивницький вул. Генерала Шумілова, 30"
"№ 3633
 від 30.01.18","м. Кропивницький вул. Генерала Шумілова, 30",48.4943599,32.2670276,ЗОШ № 7,шовковиця 3 діам. 20-30 см,1,NotYet,NotYet,False,NotYet,NotYet,"м. Кропивницький вул. Генерала Шумілова, 30"
"№ 3633
 від 30.01.18","м. Кропивницький вул. Генерала Шумілова, 30",48.494375700000006,32.2670844,ЗОШ № 7,шовковиця 2 діам. 20-30 см,1,NotYet,NotYet,False,NotYet,NotYet,"м. Кропивницький вул. Генерала Шумілова, 30"
"№ 3634
 від 30.01.18","м. Кропивницький між будинками по вул. Шатила, 3 та Вокзальною, 64",48.50793300000642,32.26278,КП «Водоканал»,липа діам. 30-40 см,1,"№ 345-В
 від 30.01.18",30.01.18,True,"№ 345-В
",30.01.18,"м. Кропивницький між будинками по вул. Шатила, 3 та Вокзальною, 64"
"№ 3635
 від 13.02.18",м. Кропивницький вул. Олександрійське шосе (біля вїзду до гаражного кооперативу),48.5079330000016,32.262221000000004,Голова гаражного кооперативу «Віраж» Водотика А.М.,дуб діам. 40-45 см,1,NotYet,NotYet,False,NotYet,NotYet,м. Кропивницький вул. Олександрійське шосе
"№ 3636
 від 13.02.18","м. Кропивницький вул. Добровольського, 3 (навпроти під'їзду № 3)",48.5349106,32.274716600000446,Голова гаражного кооперативу «Віраж» Водотика А.М.,клен діам. 35-40 см,1,№ 818/03-01-06 від 26.03.18,26.03.18,True,№ 818/03-01-06,26.03.18,"м. Кропивницький вул. Добровольського, 3"
"№ 3636
 від 13.02.18","м. Кропивницький вул. Добровольського, 3 (навпроти під'їзду № 3)",48.5349143,32.27471660000022,Голова гаражного кооперативу «Віраж» Водотика А.М.,яблуня діам. 20-25 см,1,№ 818/03-01-06 від 26.03.18,26.03.18,True,№ 818/03-01-06,26.03.18,"м. Кропивницький вул. Добровольського, 3"
"№ 3637
 від 13.02.18","м. Кропивницький вул. Шатила , 3 (біля в'їзду у двір)",48.50793300000715,32.262809999999995,КП «ЖЕО № 3» Міської ради міста Кропивницького,клен діам. 40-45 см,1,№ 818/03-01-06 від 26.03.18,26.03.18,True,№ 818/03-01-06,26.03.18,"м. Кропивницький вул. Шатила , 3"
"№ 3638
 від 13.02.18",м. Кропивницький вул. Гоголя (уздовж дороги біля будинку № 63),48.50793300000826,32.262765,ГО «Озеленення Кропивницький»,клен діам. 35-40 см,1,№ 402/03-01-06 від 23.02.18,23.02.18,True,№ 402/03-01-06,23.02.18,м. Кропивницький вул. Гоголя
"№ 3639
 від 13.02.18","м. Кропивницький вул. Архангельська, 34 (у дворі будинку)",48.50923119999861,32.27606,гр. Наконечна Н.В.,акація діам. 30-35 сс,1,№ 933/03-01-06 від 06.04.18,06.04.18,True,№ 933/03-01-06,06.04.18,"м. Кропивницький вул. Архангельська, 34"
"№ 3640
 від 20.02.18","м. Кропивницький вул. Глинки, 1 (на території закладу)",48.507933000004556,32.262331,ЗОШ № 32,яблуня діам. 20-30 см,7,NotYet,NotYet,False,NotYet,NotYet,"м. Кропивницький вул. Глинки, 1"
"№ 3641
 від 20.02.18","м. Кропивницький вул. Волкова, 28, корп. 2",48.4983244,32.2254378,КП «ЖЕО № 3» Міської ради міста Кропивницького,абрикос - 20-25 см,2,№ 818/03-01-06 від 26.03.18,26.03.18,True,№ 818/03-01-06,26.03.18,"м. Кропивницький вул. Волкова, 28, корп. 2"
"№ 3641
 від 20.02.18","м. Кропивницький вул. Волкова, 28, корп. 2",48.4983479,32.2254852,КП «ЖЕО № 3» Міської ради міста Кропивницького,берест діам. 20-25 см,1,№ 818/03-01-06 від 26.03.18,26.03.18,True,№ 818/03-01-06,26.03.18,"м. Кропивницький вул. Волкова, 28, корп. 2"
"№ 3642
 від 20.02.18","м. Кропивницький вул. Кропивницького, 80",48.50793300000975,32.262962,КП «ЖЕО № 2» Міської ради міста Кропивницького,верба плакуча діам. 70-75 см,1,№ 735/03-01-06 від 15.03.18,15.03.18,True,№ 735/03-01-06,15.03.18,"м. Кропивницький вул. Кропивницького, 80"
"№ 3643
 від 20.02.18","м. Кропивницький вул. Поповича, 7-б",48.524197,32.2580631,гр. Ткаченко Н.А.,ясен діам. 30-35 см,1,№ 818/03-01-06 від 26.03.18,26.03.18,True,№ 818/03-01-06,26.03.18,"м. Кропивницький вул. Поповича, 7-б"
"№ 3644
 від 20.02.18","м. Кропивницький вул. Володі Дубініна, 9",48.4733224,32.302459000000006,гр. Губерт С.Ф.,акація діам. 30-35 см,1,№ 735/03-01-06 від 15.03.18,15.03.18,True,№ 735/03-01-06,15.03.18,"м. Кропивницький вул. Володі Дубініна, 9"
"№ 3645
 від 20.02.18","м. Кропивницький ДНЗ № 43 «Горобинка» вул. Васнецова, 4",48.5193198,32.288527,МЧС,вишня діам. 20-25 см,1,№ 818/03-01-06 від 26.03.18,26.03.18,True,№ 818/03-01-06,26.03.18,"м. Кропивницький ДНЗ № 43 «Горобинка» вул. Васнецова, 4"
"№ 3645
 від 20.02.18","м. Кропивницький ДНЗ № 43 «Горобинка» вул. Васнецова, 4",48.5193591,32.288764,МЧС,бузок діам. 5-10 см,1,№ 818/03-01-06 від 26.03.18,26.03.18,True,№ 818/03-01-06,26.03.18,"м. Кропивницький ДНЗ № 43 «Горобинка» вул. Васнецова, 4"
"№ 3646
 від 20.02.18","м. Кропивницький вул. Добровольського, 4",48.5358984,32.273754600000736,КП «Благоустрій» МРМК»,тополя діам. 60-65 см,1,№ 818/03-01-06 від 26.03.18,26.03.18,True,№ 818/03-01-06,26.03.18,"м. Кропивницький вул. Добровольського, 4"
"№ 3646
 від 20.02.18","м. Кропивницький вул. Доброволського, 6",48.53624600000001,32.2726338,КП «Благоустрій» МРМК»,акація діам. 25-30 см,1,№ 818/03-01-06 від 26.03.18,26.03.18,True,№ 818/03-01-06,26.03.18,"м. Кропивницький вул. Доброволського, 6"
"№ 3646
 від 20.02.18","м. Кропивницький вул. Доброволського, 6",48.536523,32.2726656,КП «Благоустрій» МРМК»,тополя діам. 40-+45 см,1,№ 818/03-01-06 від 26.03.18,26.03.18,True,№ 818/03-01-06,26.03.18,"м. Кропивницький вул. Доброволського, 6"
"№ 3646
 від 20.02.18","м. Кропивницький вул. Добровольського, 8",48.53708320000001,32.2721538,КП «Благоустрій» МРМК»,тополя діам. 55-65 см,5,№ 818/03-01-06 від 26.03.18,26.03.18,True,№ 818/03-01-06,26.03.18,"м. Кропивницький вул. Добровольського, 8"
"№ 3646
 від 20.02.18","м. Кропивницький вул. Добровольського, 9",48.5364197,32.27124,КП «Благоустрій» МРМК»,тополя діам. 60-70 см,6,№ 818/03-01-06 від 26.03.18,26.03.18,True,№ 818/03-01-06,26.03.18,"м. Кропивницький вул. Добровольського, 9"
"№ 3646
 від 20.02.18","м. Кропивницький вул. Добровольського, 13, біля кафе «Ребро»",48.53728710000001,32.2692615,КП «Благоустрій» МРМК»,тополя діам. 55-60 см,4,№ 818/03-01-06 від 26.03.18,26.03.18,True,№ 818/03-01-06,26.03.18,"м. Кропивницький вул. Добровольського, 13, біля кафе «Ребро»"
"№ 3646
 від 20.02.18","м. Кропивницький вул. Добровольського, 17",48.537657200002954,32.26872260000041,КП «Благоустрій» МРМК»,тополя діам. 25-30 см,1,№ 818/03-01-06 від 26.03.18,26.03.18,True,№ 818/03-01-06,26.03.18,"м. Кропивницький вул. Добровольського, 17"
"№ 3646
 від 20.02.18","м. Кропивницький вул. Добровольського, 18",48.53793889999999,32.27107189999937,КП «Благоустрій» МРМК»,тополя діам. 45-55 см,4,№ 818/03-01-06 від 26.03.18,26.03.18,True,№ 818/03-01-06,26.03.18,"м. Кропивницький вул. Добровольського, 18"
"№ 3646
 від 20.02.18","м. Кропивницький вул. Добровольського, 20",48.5380759,32.270143,КП «Благоустрій» МРМК»,тополя діам. 35-50 см,2,№ 818/03-01-06 від 26.03.18,26.03.18,True,№ 818/03-01-06,26.03.18,"м. Кропивницький вул. Добровольського, 20"
"№ 3647
 від 27.02.18","м. Кропивницький вул. Соборна, 7-а",48.49921759999379,32.2490628000002,Управління Статистики,акація діам. 30-35 см,1,NotYet,NotYet,False,NotYet,NotYet,"м. Кропивницький вул. Соборна, 7-а"
"№ 3647
 від 27.02.18","м. Кропивницький вул. Соборна, 7-а",48.49921759999226,32.249062800000964,Управління Статистики,шовковиця діам. 30-35 см,2,NotYet,NotYet,False,NotYet,NotYet,"м. Кропивницький вул. Соборна, 7-а"
"№ 3647
 від 27.02.18","м. Кропивницький вул. Соборна, 7-а",48.49921759999471,32.24906280000073,Управління Статистики,вишня діам. 15-20 см,1,NotYet,NotYet,False,NotYet,NotYet,"м. Кропивницький вул. Соборна, 7-а"
"№ 3647
 від 27.02.18","м. Кропивницький вул. Соборна, 7-а",48.499217599995724,32.249062800000445,Управління Статистики,липа діам. 30-35 см,1,NotYet,NotYet,False,NotYet,NotYet,"м. Кропивницький вул. Соборна, 7-а"
"№ 3647
 від 27.02.18","м. Кропивницький вул. Соборна, 7-а",48.4992175999922,32.249062800000836,Управління Статистики,тополя діам. 50-55 см,1,NotYet,NotYet,False,NotYet,NotYet,"м. Кропивницький вул. Соборна, 7-а"
"№ 3648
 від 27.02.18","м. Кропивницький вул. Космонавта Попова, 28/20 (на території ЗОШ № 35)",48.4936791,32.209156199999995,Управління освіти МРМК,вишня діам. 15-20 см,1,NotYet,NotYet,False,NotYet,NotYet,"м. Кропивницький вул. Космонавта Попова, 28/20"
"№ 3648
 від 27.02.18","м. Кропивницький вул. Космонавта Попова, 28/20 (на території ЗОШ № 35)",48.4936985,32.209156,Управління освіти МРМК,акація діам. 20-25 см,1,NotYet,NotYet,False,NotYet,NotYet,"м. Кропивницький вул. Космонавта Попова, 28/20"
"№ 3648
 від 27.02.18","м. Кропивницький вул. Космонавта Попова, 28/20 (на території ЗОШ № 35)",48.49367460000001,32.209136699999995,Управління освіти МРМК,береза діам. 15-20 см,1,NotYet,NotYet,False,NotYet,NotYet,"м. Кропивницький вул. Космонавта Попова, 28/20"
"№ 3648
 від 27.02.18","м. Кропивницький вул. Космонавта Попова, 28/20 (на території ЗОШ № 35)",48.493682,32.2091613,Управління освіти МРМК,абрикос діам. 35-40 см,1,NotYet,NotYet,False,NotYet,NotYet,"м. Кропивницький вул. Космонавта Попова, 28/20"
"№ 3648
 від 27.02.18","м. Кропивницький вул. Космонавта Попова, 28/20 (на території ЗОШ № 35)",48.4936658,32.2091237,Управління освіти МРМК,горобина діам. 10-15 см,1,NotYet,NotYet,False,NotYet,NotYet,"м. Кропивницький вул. Космонавта Попова, 28/20"
"№ 3648
 від 27.02.18","м. Кропивницький вул. Космонавта Попова, 28/20 (на території ЗОШ № 35)",48.4936443,32.209187,Управління освіти МРМК,клен діам. 20-30 см,3,NotYet,NotYet,False,NotYet,NotYet,"м. Кропивницький вул. Космонавта Попова, 28/20"
"№ 3649
 від 07.03.18","м. Кропивницький вул. Михайлівська, 36-а (між під’їздами № 3 та № 4)",48.50939,32.272496000000004,КП «ЖЕО № 2» Міської ради міста Кропивницького,акація діам. 20-25 см,1,№ 818/03-01-06 від 26.03.18,26.03.18,True,№ 818/03-01-06,26.03.18,"м. Кропивницький вул. Михайлівська, 36-а"
"№ 3649
 від 07.03.18","м. Кропивницький вул. Тараса Карпи, 128",48.50397589999752,32.2776297,КП «ЖЕО № 2» Міської ради міста Кропивницького,акація діам. 30-35 см,1,№ 818/03-01-06 від 26.03.18,26.03.18,True,№ 818/03-01-06,26.03.18,"м. Кропивницький вул. Тараса Карпи, 128"
"№ 3649
 від 07.03.18","м. Кропивницький вул. Тараса Карпи, 128",48.50397589999569,32.277695,КП «ЖЕО № 2» Міської ради міста Кропивницького,тополя діам. 55-60 см,1,№ 818/03-01-06 від 26.03.18,26.03.18,True,№ 818/03-01-06,26.03.18,"м. Кропивницький вул. Тараса Карпи, 128"
"№ 3649
 від 07.03.18","м. Кропивницький вул. Гагаріна, 18 (уздовж дороги біля будинку)",48.507933000009785,32.262801,КП «ЖЕО № 2» Міської ради міста Кропивницького,клен діам. 30-35 см,1,№ 818/03-01-06 від 26.03.18,26.03.18,True,№ 818/03-01-06,26.03.18,"м. Кропивницький вул. Гагаріна, 18"
"№ 3650
 від 07.03.18","м. Кропивницький вул. Євгена Тельнова, 5 (позаду під. № 1)",48.503332,32.232260499999995,КП «ЖЕО № 3» Міської ради міста Кропивницького,вишня діам. 20-25 см,1,№ 818/03-01-06 від 26.03.18,26.03.18,True,№ 818/03-01-06,26.03.18,"м. Кропивницький вул. Євгена Тельнова, 5"
"№ 3651
 від 07.03.18","м. Кропивницький вул. Євгена Тельнова, 8, корп. 6",48.5026432,32.2299702,КП «ЖЕО № 3» Міської ради міста Кропивницького,в'яз діам. 10-15 см,1,NotYet,NotYet,False,NotYet,NotYet,"м. Кропивницький вул. Євгена Тельнова, 8, корп. 6"
"№ 3651
 від 07.03.18","м. Кропивницький вул. Євгена Тельнова, 8, корп. 6",48.5026445,32.229924,КП «ЖЕО № 3» Міської ради міста Кропивницького,вишня діам. 20-25 см,1,NotYet,NotYet,False,NotYet,NotYet,"м. Кропивницький вул. Євгена Тельнова, 8, корп. 6"
"№ 3651
 від 07.03.18","м. Кропивницький вул. Євгена Тельнова, 8, корп. 6",48.5026186,32.229999,КП «ЖЕО № 3» Міської ради міста Кропивницького,яблуня діам. 20-25 см,1,NotYet,NotYet,False,NotYet,NotYet,"м. Кропивницький вул. Євгена Тельнова, 8, корп. 6"
"№ 3652
 від 07.03.18",м. Кропивницький Лелеківський лісопарк,48.50793300000206,32.262978000000004,КП «Благоустрій» МРМК»,сосна діам. 15-25 см,8,NotYet,NotYet,False,NotYet,NotYet,м. Кропивницький Лелеківський лісопарк
"№ 3652
 від 07.03.18",м. Кропивницький Лелеківський лісопарк,48.50793300000845,32.262159999999994,КП «Благоустрій» МРМК»,акація - діам. 20-25 см,1,NotYet,NotYet,False,NotYet,NotYet,м. Кропивницький Лелеківський лісопарк
"№ 3653
 від 07.03.18","м. Кропивницький вул. Академіка Корольова, 7",48.50483610000001,32.23450349999915,КП «Благоустрій» МРМК»,клен діам. 40-45 см,1,№ 818/03-01-06 від 26.03.18,26.03.18,True,№ 818/03-01-06,26.03.18,"м. Кропивницький вул. Академіка Корольова, 7"
"№ 3654
 від 07.03.18","м. Кропивницький вул. Володимирська, 54/35",48.507933000002396,32.262428,КП «Благоустрій» МРМК»,каштан діам. 35-40 см,1,№ 735/03-01-06 від 15.03.18,15.03.18,True,№ 735/03-01-06,15.03.18,"м. Кропивницький вул. Володимирська, 54/35"
№ 3655 від 22.03.18,"м. Кропивницький вул. Гагаріна, 3-а (біля гаражів навпроти під. № 3)",48.50793300000635,32.262171,КП «ЖЕО № 2» Міської ради міста Кропивницького,ясень діам. 35-40 см,1,№ 933/03-01-06 від 06.04.18,06.04.18,True,№ 933/03-01-06,06.04.18,"м. Кропивницький вул. Гагаріна, 3-а"
№ 3656 від 22.03.18,"м. Кропивницький вул. Євгена Тельнова, 9 корп. 2",48.502764,32.22882530000086,КП «ЖЕО № 3» Міської ради міста Кропивницького,яблуня діам. 15-20 см,2,NotYet,NotYet,False,NotYet,NotYet,"м. Кропивницький вул. Євгена Тельнова, 9 корп. 2"
"№ 3658
 від 22.03.18",м. Кропивницький вул. Архітектора Паученка (уздовж дороги буд. № 46),48.5081474,32.2735836,КП «Благоустрій» МРМК»,липа діам. 35-40 см,1,NotYet,NotYet,False,NotYet,NotYet,м. Кропивницький вул. Архітектора Паученка
"№ 3658
 від 22.03.18",м. Кропивницький вул. Архітектора Паученка (уздовж дороги буд. № 60),48.5081131,32.2735953,КП «Благоустрій» МРМК»,акація діам. 40-45 см,1,NotYet,NotYet,False,NotYet,NotYet,м. Кропивницький вул. Архітектора Паученка
"№ 3658
 від 22.03.18",м. Кропивницький вул. Архітектора Паученка (уздовж дороги буд. № 66),48.5081953,32.2735708,КП «Благоустрій» МРМК»,липа діам. 45-50 см,2,NotYet,NotYet,False,NotYet,NotYet,м. Кропивницький вул. Архітектора Паученка
"№ 3658
 від 22.03.18",м. Кропивницький вул. Архітектора Паученка (уздовж дороги буд. № 68),48.508120700000006,32.2735226,КП «Благоустрій» МРМК»,липа діам. 20-25 см,1,NotYet,NotYet,False,NotYet,NotYet,м. Кропивницький вул. Архітектора Паученка
"№ 3658
 від 22.03.18",м. Кропивницький вул. Архітектора Паученка (уздовж дороги буд. № 80),48.5081975,32.273542,КП «Благоустрій» МРМК»,клен діам. 40-45 см,1,NotYet,NotYet,False,NotYet,NotYet,м. Кропивницький вул. Архітектора Паученка
"№ 3658
 від 22.03.18",м. Кропивницький вул. Архітектора Паученка (уздовж дороги буд. № 88),48.5081332,32.2735567,КП «Благоустрій» МРМК»,акація діам. 40-45 см,1,NotYet,NotYet,False,NotYet,NotYet,м. Кропивницький вул. Архітектора Паученка
"№ 3658
 від 22.03.18",м. Кропивницький вул. Архітектора Паученка (уздовж дороги між буд. № 104 та 106),48.5081699,32.2735968,КП «Благоустрій» МРМК»,шовковиця діам. 35-40 см,1,NotYet,NotYet,False,NotYet,NotYet,м. Кропивницький вул. Архітектора Паученка
"№ 3658
 від 22.03.18",м. Кропивницький вул. Архітектора Паученка (уздовж дороги буд. № 115),48.508184,32.2735111,КП «Благоустрій» МРМК»,липа діам. 25-30 см,1,NotYet,NotYet,False,NotYet,NotYet,м. Кропивницький вул. Архітектора Паученка
"№ 3658
 від 22.03.18","м. Кропивницький вул. Олександрійська, 29",48.5053778,32.283218,КП «Благоустрій» МРМК»,акація діам. 50-55 см,1,NotYet,NotYet,False,NotYet,NotYet,"м. Кропивницький вул. Олександрійська, 29"
"№ 3658
 від 22.03.18","м. Кропивницький вул. Єгорова, 5",48.5149113,32.2701432,КП «Благоустрій» МРМК»,акація діам. 125-130 см,1,NotYet,NotYet,False,NotYet,NotYet,"м. Кропивницький вул. Єгорова, 5"
"№ 3658
 від 22.03.18","м. Кропивницький вул. Карабінерна, 30",48.5071466,32.276214,КП «Благоустрій» МРМК»,клен діам. 25-30 см,1,NotYet,NotYet,False,NotYet,NotYet,"м. Кропивницький вул. Карабінерна, 30"
"№ 3658
 від 22.03.18","м. Кропивницький вул. Карабінерна, 30",48.5071102,32.2762811,КП «Благоустрій» МРМК»,акація діам. 25-30 см,2,NotYet,NotYet,False,NotYet,NotYet,"м. Кропивницький вул. Карабінерна, 30"
"№ 3658
 від 22.03.18","м. Кропивницький вул. Карабінерна, 25",48.5078623,32.2774128,КП «Благоустрій» МРМК»,клен діам. 35-40 см,1,NotYet,NotYet,False,NotYet,NotYet,"м. Кропивницький вул. Карабінерна, 25"
"№ 3658
 від 22.03.18","м. Кропивницький вул. Покровська, 47",48.5012835000059,32.27470179999922,КП «Благоустрій» МРМК»,акація діам. 30-35 см,1,NotYet,NotYet,False,NotYet,NotYet,"м. Кропивницький вул. Покровська, 47"
"№ 3658
 від 22.03.18",м. Кропивницький сквер ім. Олександра Кондакова,48.50793300000859,32.262607,КП «Благоустрій» МРМК»,абрикос діам. 25-30 см,1,NotYet,NotYet,False,NotYet,NotYet,м. Кропивницький сквер ім. Олександра Кондакова
"№ 3658
 від 22.03.18",м. Кропивницький сквер ім. Олександра Кондакова,48.50793300000904,32.262914,КП «Благоустрій» МРМК»,тополя діам. 30-35,2,NotYet,NotYet,False,NotYet,NotYet,м. Кропивницький сквер ім. Олександра Кондакова
"№ 3658
 від 22.03.18",м. Кропивницький сквер ім. Олександра Кондакова,48.507933000007725,32.262176000000004,КП «Благоустрій» МРМК»,береза діам. 20-25 см,1,NotYet,NotYet,False,NotYet,NotYet,м. Кропивницький сквер ім. Олександра Кондакова
"№ 3659
 від 02.04.18","м. Кропивницький вул. Віктора Чміленка, 109-а (у дворі)",48.5053339,32.27683680000095,КП «ЖЕО № 2» Міської ради міста Кропивницького,клен діам. 60-65 см,1,№ 933/03-01-06 від 06.04.18,06.04.18,True,№ 933/03-01-06,06.04.18,"м. Кропивницький вул. Віктора Чміленка, 109-а"
"№ 3660
 від 02.04.18","м. Кропивницький вул. Казанська, 13",48.5655535,32.2261637,Управління освіти,клен діам. 55-60 см,1,NotYet,NotYet,False,NotYet,NotYet,"м. Кропивницький вул. Казанська, 13"
"№ 3661
 від 02.04.18","м. Кропивницький пров. Херсонський, 4",48.49387249999596,32.28105580000021,КП «Благоустрій» МРМК»,липа діам. 30-35 см,1,№ 933/03-01-06 від 06.04.18,06.04.18,True,№ 933/03-01-06,06.04.18,"м. Кропивницький пров. Херсонський, 4"
"№ 3662
 від 02.04.18",м. Кропивницький вздовж русла річки Інгул (від гідротехнічної споруди КП «Теплоенергетик» до пішохідного мосту по вул. Київській),48.529287,32.245476399999994,ГУ ЖКГ МР МК,верба плакуча 3 діам. 35-40 см,1,NotYet,NotYet,False,NotYet,NotYet,м. Кропивницький вздовж русла річки Інгул
"№ 3662
 від 02.04.18",м. Кропивницький вздовж русла річки Інгул (від гідротехнічної споруди КП «Теплоенергетик» до пішохідного мосту по вул. Київській),48.529227,32.2454271,ГУ ЖКГ МР МК,тополя діам. 55-60 см,1,NotYet,NotYet,False,NotYet,NotYet,м. Кропивницький вздовж русла річки Інгул
"№ 3662
 від 02.04.18",м. Кропивницький вздовж русла річки Інгул (від гідротехнічної споруди КП «Теплоенергетик» до пішохідного мосту по вул. Київській),48.52929,32.245411100000005,ГУ ЖКГ МР МК,верба плакуча діам. 30-40 см,2,NotYet,NotYet,False,NotYet,NotYet,м. Кропивницький вздовж русла річки Інгул
"№ 3662
 від 02.04.18",м. Кропивницький вздовж русла річки Інгул (від гідротехнічної споруди КП «Теплоенергетик» до пішохідного мосту по вул. Київській),48.5292834,32.2454188,ГУ ЖКГ МР МК,клен 2 діам. 20-25 см,2,NotYet,NotYet,False,NotYet,NotYet,м. Кропивницький вздовж русла річки Інгул
"№ 3662
 від 02.04.18",м. Кропивницький вздовж русла річки Інгул (від гідротехнічної споруди КП «Теплоенергетик» до пішохідного мосту по вул. Київській),48.5292787,32.245443800000004,ГУ ЖКГ МР МК,клен діам. 15-25 см,19,NotYet,NotYet,False,NotYet,NotYet,м. Кропивницький вздовж русла річки Інгул
"№ 3662
 від 02.04.18",м. Кропивницький вздовж русла річки Інгул (від гідротехнічної споруди КП «Теплоенергетик» до пішохідного мосту по вул. Київській),48.5292666,32.2454784,ГУ ЖКГ МР МК,берест діам. 28-30 см,1,NotYet,NotYet,False,NotYet,NotYet,м. Кропивницький вздовж русла річки Інгул
"№ 3662
 від 02.04.18",м. Кропивницький вздовж русла річки Інгул (від гідротехнічної споруди КП «Теплоенергетик» до пішохідного мосту по вул. Київській),48.5292887,32.2454264,ГУ ЖКГ МР МК,верба плакуча діам. 15-20 см,1,NotYet,NotYet,False,NotYet,NotYet,м. Кропивницький вздовж русла річки Інгул
"№ 3662
 від 02.04.18",м. Кропивницький вздовж русла річки Інгул (від гідротехнічної споруди КП «Теплоенергетик» до пішохідного мосту по вул. Київській),48.5292118,32.2454225,ГУ ЖКГ МР МК,верба плакуча діам. 55-60 см,1,NotYet,NotYet,False,NotYet,NotYet,м. Кропивницький вздовж русла річки Інгул
"№ 3662
 від 02.04.18",м. Кропивницький вздовж русла річки Інгул (від гідротехнічної споруди КП «Теплоенергетик» до пішохідного мосту по вул. Київській),48.5292227,32.2454811,ГУ ЖКГ МР МК,клен діам. 15-20 см,2,NotYet,NotYet,False,NotYet,NotYet,м. Кропивницький вздовж русла річки Інгул
"№ 3662
 від 02.04.18",м. Кропивницький вздовж русла річки Інгул (від гідротехнічної споруди КП «Теплоенергетик» до пішохідного мосту по вул. Київській),48.5292795,32.2454549,ГУ ЖКГ МР МК,берест 2 діам. 30-35 см,2,NotYet,NotYet,False,NotYet,NotYet,м. Кропивницький вздовж русла річки Інгул
"№ 3662
 від 02.04.18",м. Кропивницький вздовж русла річки Інгул (від гідротехнічної споруди КП «Теплоенергетик» до пішохідного мосту по вул. Київській),48.5292528,32.2454126,ГУ ЖКГ МР МК,верба плакуча діам. 15-20 см,2,NotYet,NotYet,False,NotYet,NotYet,м. Кропивницький вздовж русла річки Інгул
"№ 3662
 від 02.04.18",м. Кропивницький вздовж русла річки Інгул (від гідротехнічної споруди КП «Теплоенергетик» до пішохідного мосту по вул. Київській),48.5292734,32.2454239,ГУ ЖКГ МР МК,клен 3 діам. 35-40 см,1,NotYet,NotYet,False,NotYet,NotYet,м. Кропивницький вздовж русла річки Інгул
"№ 3662
 від 02.04.18",м. Кропивницький вздовж русла річки Інгул (від гідротехнічної споруди КП «Теплоенергетик» до пішохідного мосту по вул. Київській),48.5292434,32.245490600000004,ГУ ЖКГ МР МК,клен діам. 45-50 см,1,NotYet,NotYet,False,NotYet,NotYet,м. Кропивницький вздовж русла річки Інгул
"№ 3662
 від 02.04.18",м. Кропивницький вздовж русла річки Інгул (від гідротехнічної споруди КП «Теплоенергетик» до пішохідного мосту по вул. Київській),48.52923060000001,32.24543,ГУ ЖКГ МР МК,клен діам. 30-35 см,1,NotYet,NotYet,False,NotYet,NotYet,м. Кропивницький вздовж русла річки Інгул
"№ 3662
 від 02.04.18",м. Кропивницький вздовж русла річки Інгул (від гідротехнічної споруди КП «Теплоенергетик» до пішохідного мосту по вул. Київській),48.5292747,32.245489,ГУ ЖКГ МР МК,берест діам. 50-55 см,3,NotYet,NotYet,False,NotYet,NotYet,м. Кропивницький вздовж русла річки Інгул
"№ 3662
 від 02.04.18",м. Кропивницький вздовж русла річки Інгул (від гідротехнічної споруди КП «Теплоенергетик» до пішохідного мосту по вул. Київській),48.529225,32.2454859,ГУ ЖКГ МР МК,клен 2 діам. 25-30 см,2,NotYet,NotYet,False,NotYet,NotYet,м. Кропивницький вздовж русла річки Інгул
"№ 3662
 від 02.04.18",м. Кропивницький вздовж русла річки Інгул (від гідротехнічної споруди КП «Теплоенергетик» до пішохідного мосту по вул. Київській),48.5292601,32.2454672,ГУ ЖКГ МР МК,клен 3 діам. 30-35 см,1,NotYet,NotYet,False,NotYet,NotYet,м. Кропивницький вздовж русла річки Інгул
"№ 3662
 від 02.04.18",м. Кропивницький вздовж русла річки Інгул (від гідротехнічної споруди КП «Теплоенергетик» до пішохідного мосту по вул. Київській),48.529244,32.2454754,ГУ ЖКГ МР МК,клен діам. 30-35 см,1,NotYet,NotYet,False,NotYet,NotYet,м. Кропивницький вздовж русла річки Інгул
"№ 3662
 від 02.04.18",м. Кропивницький вздовж русла річки Інгул (від гідротехнічної споруди КП «Теплоенергетик» до пішохідного мосту по вул. Київській),48.529254,32.2454971,ГУ ЖКГ МР МК,клен 4 діам. 50-40 см,1,NotYet,NotYet,False,NotYet,NotYet,м. Кропивницький вздовж русла річки Інгул
"№ 3663
 від 02.04.18","м. Кропивницький вул. Короленка, 38 (збоку будинку)",48.536484,32.2691362,КП «ЖЕО № 1» Міської ради міста Кропивницького,клен 4 діам. 30-35 см,1,№ 933/03-01-06 від 06.04.18,06.04.18,True,№ 933/03-01-06,06.04.18,"м. Кропивницький вул. Короленка, 38"
"№ 3664
 від 11.04.18","м. Кропивницький вул. Яновського, 62",48.49556870000211,32.2482115,КП «ЖЕО № 1» Міської ради міста Кропивницького,горіх діам. 40-45 см од.,1,№ 1017/03-01-06 від 17.04.18,17.04.18,True,№ 1017/03-01-06,17.04.18,"м. Кропивницький вул. Яновського, 62"
"№ 3664
 від 11.04.18","м. Кропивницький вул. Полтавська, 81",48.519662,32.2851744,КП «ЖЕО № 1» Міської ради міста Кропивницького,вишня діам. 20-25 см,1,№ 1017/03-01-06 від 17.04.18,17.04.18,True,№ 1017/03-01-06,17.04.18,"м. Кропивницький вул. Полтавська, 81"
"№ 3664
 від 11.04.18","м. Кропивницький вул. Полтавська, 81",48.519617,32.2851168,КП «ЖЕО № 1» Міської ради міста Кропивницького,слива діам. 30-35 см,1,№ 1017/03-01-06 від 17.04.18,17.04.18,True,№ 1017/03-01-06,17.04.18,"м. Кропивницький вул. Полтавська, 81"
"№ 3664
 від 11.04.18","м. Кропивницький вул. Генерала Родимцева, 96",48.4979313,32.3096592,КП «ЖЕО № 1» Міської ради міста Кропивницького,тополя діам. 55-60 см,1,№ 1017/03-01-06 від 17.04.18,17.04.18,True,№ 1017/03-01-06,17.04.18,"м. Кропивницький вул. Генерала Родимцева, 96"
"№ 3664
 від 11.04.18","м. Кропивницький вул. Михайлівська, 9",48.51286500000001,32.2778979,КП «ЖЕО № 1» Міської ради міста Кропивницького,вишня діам. 20-25 см,1,№ 1017/03-01-06 від 17.04.18,17.04.18,True,№ 1017/03-01-06,17.04.18,"м. Кропивницький вул. Михайлівська, 9"
"№ 3664
 від 11.04.18","м. Кропивницький вул. Комарова, 30",48.501842,32.243756,КП «ЖЕО № 1» Міської ради міста Кропивницького,горіх діам. 30-35 см,1,№ 1017/03-01-06 від 17.04.18,17.04.18,True,№ 1017/03-01-06,17.04.18,"м. Кропивницький вул. Комарова, 30"
"№ 3664
 від 11.04.18","м. Кропивницький вул. Комарова, 13",48.502266,32.2462548,КП «ЖЕО № 1» Міської ради міста Кропивницького,береза діам. 40-45 см,1,№ 1017/03-01-06 від 17.04.18,17.04.18,True,№ 1017/03-01-06,17.04.18,"м. Кропивницький вул. Комарова, 13"
"№ 3664
 від 11.04.18","м. Кропивницький вул. Героїв України, 8",48.494147,32.218491,КП «ЖЕО № 1» Міської ради міста Кропивницького,акація діам. 35-40 см,1,№ 1017/03-01-06 від 17.04.18,17.04.18,True,№ 1017/03-01-06,17.04.18,"м. Кропивницький вул. Героїв України, 8"
"№ 3664
 від 11.04.18","м. Кропивницький вул. Юрія Коваленка, 25/19, корп. 2",48.4974407,32.20279,КП «ЖЕО № 1» Міської ради міста Кропивницького,абрикос - діам. 30-35 см,1,№ 1017/03-01-06 від 17.04.18,17.04.18,True,№ 1017/03-01-06,17.04.18,"м. Кропивницький вул. Юрія Коваленка, 25/19, корп. 2"
"№ 3664
 від 11.04.18","м. Кропивницький вул. Вокзальна, 4",48.5228734,32.2583134,КП «ЖЕО № 1» Міської ради міста Кропивницького,клен діам. 55-60 см,1,№ 1017/03-01-06 від 17.04.18,17.04.18,True,№ 1017/03-01-06,17.04.18,"м. Кропивницький вул. Вокзальна, 4"
"№ 3664
 від 11.04.18","м. Кропивницький пров. Ковалівський, 13",48.5228882,32.25705,КП «ЖЕО № 1» Міської ради міста Кропивницького,горобина діам. 20-25 см,1,№ 1017/03-01-06 від 17.04.18,17.04.18,True,№ 1017/03-01-06,17.04.18,"м. Кропивницький пров. Ковалівський, 13"
"№ 3664
 від 11.04.18","м. Кропивницький пров. Ковалівський, 13",48.5228316,32.2570413,КП «ЖЕО № 1» Міської ради міста Кропивницького,горіх діам. 35-40 см,1,№ 1017/03-01-06 від 17.04.18,17.04.18,True,№ 1017/03-01-06,17.04.18,"м. Кропивницький пров. Ковалівський, 13"
"№ 3664
 від 11.04.18","м. Кропивницький вул. Тараса Карпи, 128",48.503975899996355,32.2776192,КП «ЖЕО № 1» Міської ради міста Кропивницького,акація діам. 35-40 см,1,№ 1017/03-01-06 від 17.04.18,17.04.18,True,№ 1017/03-01-06,17.04.18,"м. Кропивницький вул. Тараса Карпи, 128"
"№ 3665
 від 11.04.18","м. Кропивницький вул. Бобринецький шлях, 109",48.4804195,32.2717565,КП «ЖЕО № 1» Міської ради міста Кропивницького,тополя діам. 85-95 см,3,№ 1017/03-01-06 від 17.04.18,17.04.18,True,№ 1017/03-01-06,17.04.18,"м. Кропивницький вул. Бобринецький шлях, 109"
"№ 3665
 від 11.04.18","м. Кропивницький вул. Бобринецький шлях, 109",48.48042279999999,32.2717937,КП «ЖЕО № 1» Міської ради міста Кропивницького,верба плакуча діам. 95-100 см,1,№ 1017/03-01-06 від 17.04.18,17.04.18,True,№ 1017/03-01-06,17.04.18,"м. Кропивницький вул. Бобринецький шлях, 109"
"№ 3666
 від 11.04.18","м. Кропивницький вул. Кавалерійська, 17/19",48.514055600000006,32.25720949999917,Кіровоградський обласний військовий комісаріат,тополя діам. 85-90 см,2,NotYet,NotYet,False,NotYet,NotYet,"м. Кропивницький вул. Кавалерійська, 17/19"
"№ 3666
 від 11.04.18","м. Кропивницький вул. Кавалерійська, 17/19",48.5140329,32.25720949999979,Кіровоградський обласний військовий комісаріат,каштан діам. 40-45 см,1,NotYet,NotYet,False,NotYet,NotYet,"м. Кропивницький вул. Кавалерійська, 17/19"
"№ 3666
 від 11.04.18","м. Кропивницький вул. Кавалерійська, 17/19",48.5140509,32.25720949999989,Кіровоградський обласний військовий комісаріат,верба плакуча діам. 50-55 см,1,NotYet,NotYet,False,NotYet,NotYet,"м. Кропивницький вул. Кавалерійська, 17/19"
"№ 3667
 від 11.04.18","м. Кропивницький вул. Короленка, 58 (на території)",48.5398811,32.261993100000005,Кіровоградський обласний госпіталь для ветеранів війни,сосна діам. 20-30 см,9,NotYet,NotYet,False,NotYet,NotYet,"м. Кропивницький вул. Короленка, 58"
"№ 3668
 від 11.04.18","м. Кропивницький вул. Добровольського, 1 (парк «Авіаторів»)",48.533182,32.275996,ЛАНАУ,ясен діам. 30-35 см,1,NotYet,NotYet,False,NotYet,NotYet,"м. Кропивницький вул. Добровольського, 1"
"№ 3668
 від 11.04.18","м. Кропивницький вул. Добровольського, 1 (парк «Авіаторів»)",48.53375,32.275794,ЛАНАУ,клен діам. 35-40 см,1,NotYet,NotYet,False,NotYet,NotYet,"м. Кропивницький вул. Добровольського, 1"
"№ 3668
 від 11.04.18",м. Кропивницький авіаційний загін,48.50793300000644,32.262492,ЛАНАУ,клен діам. 55-60 см,1,NotYet,NotYet,False,NotYet,NotYet,м. Кропивницький авіаційний загін
"№ 3668
 від 11.04.18",м. Кропивницький авіаційний загін,48.507933000001316,32.262935,ЛАНАУ,яблуня діам. 45-50 см,1,NotYet,NotYet,False,NotYet,NotYet,м. Кропивницький авіаційний загін
"№ 3669
 від 11.04.18","м. Кропивницький вул. Волкова, 18-а (на території закладу)",48.5058555,32.222871500000004,ДНЗ № 17 «Орлятко»,вишня діам. 20-25 см,1,NotYet,NotYet,False,NotYet,NotYet,"м. Кропивницький вул. Волкова, 18-а"
"№ 3670
 від 11.04.18","м. Кропивницький вул. Шевченка, 41-а ДНЗ № 2 «Ятранчик»",48.51133610000187,32.2723466,МЧС Міської ради,ялина діам. 20-25 см,1,NotYet,NotYet,False,NotYet,NotYet,"м. Кропивницький вул. Шевченка, 41-а ДНЗ № 2 «Ятранчик»"
"№ 3670
 від 11.04.18","м. Кропивницький вул. Комарова, 60 ДНЗ № 22 «Оленка»",48.493829,32.2365882,МЧС Міської ради,черешня діам. 25-30 см,1,NotYet,NotYet,False,NotYet,NotYet,"м. Кропивницький вул. Комарова, 60 ДНЗ № 22 «Оленка»"
"№ 3670
 від 11.04.18","м. Кропивницький вул. Таврійська, 29/32 (на території КЗ НВО № 1 «Перлинка",48.507933000008286,32.26254,МЧС Міської ради,акація діам. 35-40 см,1,NotYet,NotYet,False,NotYet,NotYet,"м. Кропивницький вул. Таврійська, 29/32"
"№ 3671
 від 11.04.18","м. Кропивницький вул. Велика Перспективна, 11/11, корп. 7",48.51532570000394,32.2721253999935,МЧС Міської ради,яблуня діам. 30-35 см,1,№ 1017/03-01-06 від 17.04.18,17.04.18,True,№ 1017/03-01-06,17.04.18,"м. Кропивницький вул. Велика Перспективна, 11/11, корп. 7"
"№ 3672
 від 11.04.18","м. Кропивницький вул. Яновського, 54",48.4944784,32.2526103,МЧС Міської ради,тополя діам. 40-45 см,1,№ 1017/03-01-06 від 17.04.18,17.04.18,True,№ 1017/03-01-06,17.04.18,"м. Кропивницький вул. Яновського, 54"
"№ 3673
 від 11.04.18","м. Кропивницький вул. Василя Нікітіна, 23-г (біля під. № 1 та навпроти під. № 2 та № 3)",48.5273302,32.2731957,ПП «Кіровоградська компанія інвестиційного булівництва «Кіровоградінвестбуд»,тополя діам. 45-55 см,2,NotYet,NotYet,False,NotYet,NotYet,"м. Кропивницький вул. Василя Нікітіна, 23-г"
"№ 3674
 від 11.04.18","м. Кропивницький вул. Комарова, 11 (на території НЗ № 52 «Казковий»)",48.5031716,32.24702100000036,Управління освіти Міської ради,тополя діам. 60-65 см,1,NotYet,NotYet,False,NotYet,NotYet,"м. Кропивницький вул. Комарова, 11"
"№ 3674
 від 11.04.18","м. Кропивницький вул. Комарова, 11 (на території НЗ № 52 «Казковий»)",48.503150700000006,32.247021000000714,Управління освіти Міської ради,клен діам. 50-55 см,2,NotYet,NotYet,False,NotYet,NotYet,"м. Кропивницький вул. Комарова, 11"
"№ 3674
 від 11.04.18","м. Кропивницький вул. Комарова, 11 (на території НЗ № 52 «Казковий»)",48.503141,32.24702100000053,Управління освіти Міської ради,клен 2 діам. 70-75 см,1,NotYet,NotYet,False,NotYet,NotYet,"м. Кропивницький вул. Комарова, 11"
"№ 3674
 від 11.04.18","м. Кропивницький вул. Комарова, 11 (на території НЗ № 52 «Казковий»)",48.503111,32.24702100000065,Управління освіти Міської ради,абрикос 2 діам. 20-25 см,1,NotYet,NotYet,False,NotYet,NotYet,"м. Кропивницький вул. Комарова, 11"
"№ 3674
 від 11.04.18","м. Кропивницький вул. Комарова, 11 (на території НЗ № 52 «Казковий»)",48.503175,32.247021000000856,Управління освіти Міської ради,абрикос діам. 35-40 см,1,NotYet,NotYet,False,NotYet,NotYet,"м. Кропивницький вул. Комарова, 11"
"№ 3674
 від 11.04.18","м. Кропивницький вул. Комарова, 11 (на території НЗ № 52 «Казковий»)",48.5031768,32.24702100000022,Управління освіти Міської ради,берест діам. 15-20 см,1,NotYet,NotYet,False,NotYet,NotYet,"м. Кропивницький вул. Комарова, 11"
"№ 3674
 від 11.04.18","м. Кропивницький вул. Комарова, 11 (на території НЗ № 52 «Казковий»)",48.5031784,32.2470210000004,Управління освіти Міської ради,горобина діам. 30-35 см,1,NotYet,NotYet,False,NotYet,NotYet,"м. Кропивницький вул. Комарова, 11"
"№ 3674
 від 11.04.18","м. Кропивницький вул. Комарова, 11 (на території НЗ № 52 «Казковий»)",48.5031883,32.24702100000051,Управління освіти Міської ради,яблуня діам. 15-20 см,1,NotYet,NotYet,False,NotYet,NotYet,"м. Кропивницький вул. Комарова, 11"
"№ 3675
 від 11.04.18","м. Кропивницький вул. Волкова, 3-в",48.50014,32.219185,ПП «Інтелтех-Л А»,горіх діам. діам. 30-35 см,1,NotYet,NotYet,False,NotYet,NotYet,"м. Кропивницький вул. Волкова, 3-в"
"№ 3675
 від 11.04.18","м. Кропивницький вул. Волкова, 3-в",48.500433,32.219713,ПП «Інтелтех-Л А»,акація діам. 60-65 см,1,NotYet,NotYet,False,NotYet,NotYet,"м. Кропивницький вул. Волкова, 3-в"
"№ 3675
 від 11.04.18","м. Кропивницький вул. Волкова, 3-в",48.500309,32.219347,ПП «Інтелтех-Л А»,клен діам. 60-65 см,1,NotYet,NotYet,False,NotYet,NotYet,"м. Кропивницький вул. Волкова, 3-в"
"№ 3675
 від 11.04.18","м. Кропивницький вул. Волкова, 3-в",48.500464,32.219297999999995,ПП «Інтелтех-Л А»,берест 3 діам. 25-30 см,1,NotYet,NotYet,False,NotYet,NotYet,"м. Кропивницький вул. Волкова, 3-в"
"№ 3675
 від 11.04.18","м. Кропивницький вул. Волкова, 3-в",48.500711,32.219413,ПП «Інтелтех-Л А»,берест діам. 20-25 см,1,NotYet,NotYet,False,NotYet,NotYet,"м. Кропивницький вул. Волкова, 3-в"
"№ 3675
 від 11.04.18","м. Кропивницький вул. Волкова, 3-в",48.500545,32.219605,ПП «Інтелтех-Л А»,верба плакуча діам. 40-45 см,1,NotYet,NotYet,False,NotYet,NotYet,"м. Кропивницький вул. Волкова, 3-в"
"№ 3675
 від 11.04.18","м. Кропивницький вул. Волкова, 3-в",48.50097,32.2193,ПП «Інтелтех-Л А»,верба плакуча діам. 60-65 см,1,NotYet,NotYet,False,NotYet,NotYet,"м. Кропивницький вул. Волкова, 3-в"
"№ 3675
 від 11.04.18","м. Кропивницький вул. Волкова, 3-в",48.500524,32.219559999999994,ПП «Інтелтех-Л А»,верба плакуча діам. 55-60 см,1,NotYet,NotYet,False,NotYet,NotYet,"м. Кропивницький вул. Волкова, 3-в"
"№ 3675
 від 11.04.18","м. Кропивницький вул. Волкова, 3-в",48.50019,32.219204,ПП «Інтелтех-Л А»,клен діам. 20-25 см,1,NotYet,NotYet,False,NotYet,NotYet,"м. Кропивницький вул. Волкова, 3-в"
"№ 3675
 від 11.04.18","м. Кропивницький вул. Волкова, 3-в",48.500446,32.219559000000004,ПП «Інтелтех-Л А»,горіх 2 діам. 25-30 см,1,NotYet,NotYet,False,NotYet,NotYet,"м. Кропивницький вул. Волкова, 3-в"
"№ 3676
 від 11.04.18","м. Кропивницький вул. Курганна, 2-а (на території)",48.4932425,32.2390422,ДНЗ № 65 «Лукомор'я»,акація діам. 40-45 см,1,NotYet,NotYet,False,NotYet,NotYet,"м. Кропивницький вул. Курганна, 2-а"
"№ 3676
 від 11.04.18","м. Кропивницький вул. Курганна, 2-а (на території)",48.4932566,32.2390237,ДНЗ № 65 «Лукомор'я»,тополя діам. 60-65 см,1,NotYet,NotYet,False,NotYet,NotYet,"м. Кропивницький вул. Курганна, 2-а"
"№ 3676
 від 11.04.18","м. Кропивницький вул. Курганна, 2-а (на території)",48.4932881,32.239033899999995,ДНЗ № 65 «Лукомор'я»,абрикос діам. 20-25 см,1,NotYet,NotYet,False,NotYet,NotYet,"м. Кропивницький вул. Курганна, 2-а"
"№ 3676
 від 11.04.18","м. Кропивницький вул. Курганна, 2-а (на території)",48.4932244,32.239074,ДНЗ № 65 «Лукомор'я»,черешня діам. 20-25 см,1,NotYet,NotYet,False,NotYet,NotYet,"м. Кропивницький вул. Курганна, 2-а"
"№ 3676
 від 11.04.18","м. Кропивницький вул. Курганна, 2-а (на території)",48.4932128,32.2390701,ДНЗ № 65 «Лукомор'я»,горобина діам. 20-25 см,1,NotYet,NotYet,False,NotYet,NotYet,"м. Кропивницький вул. Курганна, 2-а"
"№ 3677
 від 11.04.18","м. Кропивницький вул. Яновського, 62-а (на території)",48.49556870000304,32.2482962,ДНЗ № 70 «Оленка»,груша діам. 20-25 см,1,NotYet,NotYet,False,NotYet,NotYet,"м. Кропивницький вул. Яновського, 62-а"
"№ 3677
 від 11.04.18","м. Кропивницький вул. Яновського, 62-а (на території)",48.495568700006025,32.2482518,ДНЗ № 70 «Оленка»,черешня діам. 30-35 см,1,NotYet,NotYet,False,NotYet,NotYet,"м. Кропивницький вул. Яновського, 62-а"
"№ 3677
 від 11.04.18","м. Кропивницький вул. Яновського, 62-а (на території)",48.49556870000122,32.24828,ДНЗ № 70 «Оленка»,черемха діам. 25-30 см,1,NotYet,NotYet,False,NotYet,NotYet,"м. Кропивницький вул. Яновського, 62-а"
"№ 3677
 від 11.04.18","м. Кропивницький вул. Яновського, 62-а (на території)",48.495568700002664,32.2482875,ДНЗ № 70 «Оленка»,клен діам. 50-55 см,1,NotYet,NotYet,False,NotYet,NotYet,"м. Кропивницький вул. Яновського, 62-а"
"№ 3677
 від 11.04.18","м. Кропивницький вул. Яновського, 62-а (на території)",48.49556870000211,32.2482566,ДНЗ № 70 «Оленка»,абрикос діам. 35-40 см,1,NotYet,NotYet,False,NotYet,NotYet,"м. Кропивницький вул. Яновського, 62-а"
"№ 3677
 від 11.04.18","м. Кропивницький вул. Яновського, 62-а (на території)",48.49556870000307,32.248211,ДНЗ № 70 «Оленка»,слива діам. 20-25 см,1,NotYet,NotYet,False,NotYet,NotYet,"м. Кропивницький вул. Яновського, 62-а"
"№ 3677
 від 11.04.18","м. Кропивницький вул. Яновського, 62-а (на території)",48.495568700006295,32.2482837,ДНЗ № 70 «Оленка»,абрикос діам. 25-30 см,1,NotYet,NotYet,False,NotYet,NotYet,"м. Кропивницький вул. Яновського, 62-а"
"№ 3678
 від 11.04.18","м. Кропивницький вул. Херсонська, 115/6",48.4870189,32.2893392,гр. Григорвш А.С.,акація діам. 50-65,3,№ 1017/03-01-06 від 17.04.18,17.04.18,True,№ 1017/03-01-06,17.04.18,"м. Кропивницький вул. Херсонська, 115/6"
"№ 3679
 від 11.04.18","м. Кропивницький вул. Тараса Карпи, 76",48.507783,32.268477399999995,Кіровоградське обласне управління лісового та мисливського господарства,ялина діам. 20-25 см,1,NotYet,NotYet,False,NotYet,NotYet,"м. Кропивницький вул. Тараса Карпи, 76"
"№ 3680
 від 11.04.18","м. Кропивницький вул. Преображенська, 103 (на території ДНЗ «Перлинка»)",48.498706,32.28773310000045,Управління освіти Міської ради,акація діам. 70-80 см,3,NotYet,NotYet,False,NotYet,NotYet,"м. Кропивницький вул. Преображенська, 103"
"№ 3681
 від 17.04.18","м. Кропивницький вул. Андріївська, навпроти ТОВ «Енерогобудпроект»",48.5068425,32.24579770000081,Управління освіти Міської ради,тополя,1,№ 1017/03-01-06 від 17.04.18,17.04.18,True,№ 1017/03-01-06,17.04.18,"м. Кропивницький вул. Андріївська, навпроти ТОВ «Енерогобудпроект»"
"№ 3682
 від 17.04.18","м. Кропивницький вул. Героїв України, 14, корп. 1 (позаду будинку)",48.50793300000879,32.2628,КП «Благоустрій» МРМК»,абрикос діам. 20-25 см,1,№ 1050/03-01-06 від 20.04.18,20.04.18,True,№ 1050/03-01-06,20.04.18,"м. Кропивницький вул. Героїв України, 14, корп. 1"
"№ 3683
 від 17.04.18","м. Кропивницький вул. Євгена Тельнова, 11/31 (позаду під'їзду № 4)",48.5033796,32.2275926999992,КП «ЖЕО № 3» Міської ради міста Кропивницького,абрикос діам. 25-30 см,3,№ 1050/03-01-06 від 20.04.18,20.04.18,True,№ 1050/03-01-06,20.04.18,"м. Кропивницький вул. Євгена Тельнова, 11/31"
"№ 3684
 від 17.04.18","м. Кропивницький вул. Академіка Тамма, 4-а",48.49983,32.2368152,ДНЗ № 63,акація 2 діам. 50-55 см,1,NotYet,NotYet,False,NotYet,NotYet,"м. Кропивницький вул. Академіка Тамма, 4-а"
"№ 3684
 від 17.04.18","м. Кропивницький вул. Академіка Тамма, 4-а",48.499968,32.2368289,ДНЗ № 63,горіх діам. 50-55 см,1,NotYet,NotYet,False,NotYet,NotYet,"м. Кропивницький вул. Академіка Тамма, 4-а"
"№ 3684
 від 17.04.18","м. Кропивницький вул. Академіка Тамма, 4-а",48.499642,32.236884,ДНЗ № 63,клен діам. 40-45 см,1,NotYet,NotYet,False,NotYet,NotYet,"м. Кропивницький вул. Академіка Тамма, 4-а"
"№ 3685
 від 17.04.18","м. Кропивницький просп. Університетський, 27",48.505514700000745,32.201768,ДНЗ № 63,абрикос діам.,1,№ 1050/03-01-06 від 20.04.18,20.04.18,True,№ 1050/03-01-06,20.04.18,"м. Кропивницький просп. Університетський, 27"
"№ 3685
 від 17.04.18","м. Кропивницький просп. Університетський, 27",48.505514700000894,32.201415000000004,ДНЗ № 63,верба плакуча -,1,№ 1050/03-01-06 від 20.04.18,20.04.18,True,№ 1050/03-01-06,20.04.18,"м. Кропивницький просп. Університетський, 27"
"№ 3685
 від 17.04.18","м. Кропивницький просп. Університетський, 29",48.50577029999282,32.201469,ДНЗ № 63,дуб,1,№ 1050/03-01-06 від 20.04.18,20.04.18,True,№ 1050/03-01-06,20.04.18,"м. Кропивницький просп. Університетський, 29"
"№ 3686
 від 17.04.18","м. Кропивницький вул. Архітектора Паученка, 66",48.50792120000106,32.273753,ОСББ «П'ятихатки 2-66»,акація діам. 30-35 см,1,№ 1050/03-01-06 від 20.04.18,20.04.18,True,№ 1050/03-01-06,20.04.18,"м. Кропивницький вул. Архітектора Паученка, 66"
"№ 3686
 від 17.04.18","м. Кропивницький вул. Архітектора Паученка, 66",48.507921200009356,32.2737787,ОСББ «П'ятихатки 2-66»,яблуня діам. 20-25 см,3,№ 1050/03-01-06 від 20.04.18,20.04.18,True,№ 1050/03-01-06,20.04.18,"м. Кропивницький вул. Архітектора Паученка, 66"
"№ 3686
 від 17.04.18","м. Кропивницький вул. Архітектора Паученка, 66",48.50792120000598,32.273709999999994,ОСББ «П'ятихатки 2-66»,клен 2 діам. 30-35 см,1,№ 1050/03-01-06 від 20.04.18,20.04.18,True,№ 1050/03-01-06,20.04.18,"м. Кропивницький вул. Архітектора Паученка, 66"
"№ 3686
 від 17.04.18","м. Кропивницький вул. Архітектора Паученка, 66",48.507921200001604,32.27379430000001,ОСББ «П'ятихатки 2-66»,яблуня діам. 20-25 см,1,№ 1050/03-01-06 від 20.04.18,20.04.18,True,№ 1050/03-01-06,20.04.18,"м. Кропивницький вул. Архітектора Паученка, 66"
"№ 3686
 від 17.04.18","м. Кропивницький вул. Архітектора Паученка, 66",48.50792120000378,32.2737667,ОСББ «П'ятихатки 2-66»,шовковиця діам. 30-35 см,1,№ 1050/03-01-06 від 20.04.18,20.04.18,True,№ 1050/03-01-06,20.04.18,"м. Кропивницький вул. Архітектора Паученка, 66"
"№ 3687
 від 17.04.18","м. Кропивницький вул. Арсенія Тарковського, уздовж дороги біля будинку № 76",48.50917000000001,32.27213300000041,гр. Владимирська А.М.,клен діам. 60-65 см,1,№ 1050/03-01-06 від 20.04.18,20.04.18,True,№ 1050/03-01-06,20.04.18,"м. Кропивницький вул. Арсенія Тарковського, уздовж дороги біля будинку № 76"
"№ 3688
 від 17.04.18","м. Кропивницький вул. Вокзальна, 18, корп. 2",48.51835450000797,32.25398410000032,деп. Розгачов Р.О.,горобина діам. 20-25 см,1,№ 1050/03-01-06 від 20.04.18,20.04.18,True,№ 1050/03-01-06,20.04.18,"м. Кропивницький вул. Вокзальна, 18, корп. 2"
"№ 3688
 від 17.04.18","м. Кропивницький вул. Вокзальна, 28",48.5156543,32.249782399999226,деп. Розгачов Р.О.,верба плакуча діам. 75-80 см,1,№ 1050/03-01-06 від 20.04.18,20.04.18,True,№ 1050/03-01-06,20.04.18,"м. Кропивницький вул. Вокзальна, 28"
"№ 3689
 від 17.04.18","м. Кропивницький вул. Добровольського, 11",48.53681539999829,32.2705441,КП «Благоустрій» МРМК»,береза діам. 20-25 см,1,№ 1050/03-01-06 від 20.04.18,20.04.18,True,№ 1050/03-01-06,20.04.18,"м. Кропивницький вул. Добровольського, 11"
"№ 3689
 від 17.04.18","м. Кропивницький вул. Добровольського, 18",48.53791470000001,32.27107189999929,КП «Благоустрій» МРМК»,берест діам. 25-30 см,1,№ 1050/03-01-06 від 20.04.18,20.04.18,True,№ 1050/03-01-06,20.04.18,"м. Кропивницький вул. Добровольського, 18"
"№ 3689
 від 17.04.18",м. Кропивницький сквер «Слави»,48.50562,32.23631,КП «Благоустрій» МРМК»,береза діам. 15-20 см,1,№ 1050/03-01-06 від 20.04.18,20.04.18,True,№ 1050/03-01-06,20.04.18,м. Кропивницький сквер «Слави»
"№ 3689
 від 17.04.18",м. Кропивницький сквер «Слави»,48.50562,32.2382,КП «Благоустрій» МРМК»,тополя діам. 25-30 см,1,№ 1050/03-01-06 від 20.04.18,20.04.18,True,№ 1050/03-01-06,20.04.18,м. Кропивницький сквер «Слави»
"№ 3689
 від 17.04.18","м. Кропивницький вул. Карабінерна, 30",48.5071574,32.2762549,КП «Благоустрій» МРМК»,акація діам. 30-35 см,1,№ 1050/03-01-06 від 20.04.18,20.04.18,True,№ 1050/03-01-06,20.04.18,"м. Кропивницький вул. Карабінерна, 30"
"№ 3689
 від 17.04.18","м. Кропивницький вул. Карабінерна, 30",48.507159,32.2762262,КП «Благоустрій» МРМК»,липа діам. 25-30 см,1,№ 1050/03-01-06 від 20.04.18,20.04.18,True,№ 1050/03-01-06,20.04.18,"м. Кропивницький вул. Карабінерна, 30"
"№ 3689
 від 17.04.18","м. Кропивницький вул. Віктора Чміленка, 71",48.50844,32.2695188,КП «Благоустрій» МРМК»,липа діам. 20-25 см,2,№ 1050/03-01-06 від 20.04.18,20.04.18,True,№ 1050/03-01-06,20.04.18,"м. Кропивницький вул. Віктора Чміленка, 71"
"№ 3689
 від 17.04.18","м. Кропивницький вул. Вокзальна, 28",48.5156771,32.24978239999988,КП «Благоустрій» МРМК»,"тополя діам. 30-,5 см",1,№ 1050/03-01-06 від 20.04.18,20.04.18,True,№ 1050/03-01-06,20.04.18,"м. Кропивницький вул. Вокзальна, 28"
"№ 3689
 від 17.04.18","м. Кропивницький вул. Преображенська, 8",48.50709459999524,32.264486,КП «Благоустрій» МРМК»,ялина діам. 15-20 см,1,№ 1050/03-01-06 від 20.04.18,20.04.18,True,№ 1050/03-01-06,20.04.18,"м. Кропивницький вул. Преображенська, 8"
"№ 3689
 від 17.04.18","м. Кропивницький вул. Тараса Карпи, між № 60 та 62",48.507276700007836,32.2700974,КП «Благоустрій» МРМК»,клен діам. 40-45 см,1,№ 1050/03-01-06 від 20.04.18,20.04.18,True,№ 1050/03-01-06,20.04.18,"м. Кропивницький вул. Тараса Карпи, між № 60 та 62"
"№ 3689
 від 17.04.18","м. Кропивницький вул. Юрія Олефіренка, 14-а",48.5170256,32.2568937,КП «Благоустрій» МРМК»,черешня діам. 35-40 см,1,№ 1050/03-01-06 від 20.04.18,20.04.18,True,№ 1050/03-01-06,20.04.18,"м. Кропивницький вул. Юрія Олефіренка, 14-а"
"№ 3689
 від 17.04.18","м. Кропивницький вул. Короленка, 40",48.537211199993905,32.2681942,КП «Благоустрій» МРМК»,акація діам. 45-50 см,1,№ 1050/03-01-06 від 20.04.18,20.04.18,True,№ 1050/03-01-06,20.04.18,"м. Кропивницький вул. Короленка, 40"
"№ 3689
 від 17.04.18","м. Кропивницький вул. Гоголя, 85",48.50886999999162,32.266999999999996,КП «Благоустрій» МРМК»,бузок (кущ),1,№ 1050/03-01-06 від 20.04.18,20.04.18,True,№ 1050/03-01-06,20.04.18,"м. Кропивницький вул. Гоголя, 85"
"№ 3690
 від 25.04.18","м. Кропивницький вул. Миру, 17-а",48.525518,32.274996,КП «ЖЕО № 1» Міської ради міста Кропивницького,верба плакуча діам. 60-65 см,1,№ 1357/03-01-06 від 22.05.18,22.05.18,True,№ 1357/03-01-06,22.05.18,"м. Кропивницький вул. Миру, 17-а"
"№ 3690
 від 25.04.18","м. Кропивницький вул. Миру, 17-а",48.525563,32.2749211,КП «ЖЕО № 1» Міської ради міста Кропивницького,берест діам. 20-25 см,1,№ 1357/03-01-06 від 22.05.18,22.05.18,True,№ 1357/03-01-06,22.05.18,"м. Кропивницький вул. Миру, 17-а"
"№ 3691
 від 25.04.18","м. Кропивницький вул. Гоголя, 122-а (у дворі)",48.504412,32.274211,КП «ЖЕО № 3» Міської ради міста Кропивницького,шовковиця діам. 50-55 см,1,№ 1357/03-01-06 від 22.05.18,22.05.18,True,№ 1357/03-01-06,22.05.18,"м. Кропивницький вул. Гоголя, 122-а"
"№ 3692
 від 25.04.18","м. Кропивницький вул. Островського, 2, корп. 2 (з боку
 вул. Островського)",48.508263199993145,32.2599478,ПП Шмідт В.В.,тополя діам. 30-45 см,3,NotYet,NotYet,False,NotYet,NotYet,"м. Кропивницький вул. Островського, 2, корп. 2"
"№ 3693
 від 25.04.18","м. Кропивницький вул. Лінія, 10, буд. 56",48.5079330000057,32.262803000000005,КП «ЖЕК № 9» Міської ради міста Кропивницького,черешня 2 діам. 30-35 см,1,№ 1357/03-01-06 від 22.05.18,22.05.18,True,№ 1357/03-01-06,22.05.18,"м. Кропивницький вул. Лінія, 10, буд. 56"
"№ 3693
 від 25.04.18","м. Кропивницький вул. Лінія, 1, буд. 3",48.507933000009366,32.262429,КП «ЖЕК № 9» Міської ради міста Кропивницького,горіх діам. 35-40 см,1,№ 1357/03-01-06 від 22.05.18,22.05.18,True,№ 1357/03-01-06,22.05.18,"м. Кропивницький вул. Лінія, 1, буд. 3"
"№ 3693
 від 25.04.18","м. Кропивницький вул. Лінія, 9, буд. 41",48.50793300000711,32.262547999999995,КП «ЖЕК № 9» Міської ради міста Кропивницького,горіх діам. 30-35 см,1,№ 1357/03-01-06 від 22.05.18,22.05.18,True,№ 1357/03-01-06,22.05.18,"м. Кропивницький вул. Лінія, 9, буд. 41"
"№ 3694
 від 25.04.18","м. Кропивницький вул. Вокзальна, 4 (уздовж дороги)",48.52283320000001,32.2583124,КП «Благоустрій» МРМК»,акація діам. 80-85 см,1,№ 1357/03-01-06 від 22.05.18,22.05.18,True,№ 1357/03-01-06,22.05.18,"м. Кропивницький вул. Вокзальна, 4"
"№ 3695
 від 25.04.18","м. Кропивницький вул. Віктора Чміленка, 94 (уздовж дороги)",48.50833950000001,32.2690922,КП «Благоустрій» МРМК»,клен діам. 60-65 см,1,№ 1357/03-01-06 від 22.05.18,22.05.18,True,№ 1357/03-01-06,22.05.18,"м. Кропивницький вул. Віктора Чміленка, 94"
"№ 3696
 від 04.05.18","м. Кропивницький вул. Київська, уздовж дороги біля буд. № 5",48.50793300000709,32.262145000000004,КП «Благоустрій» МРМК»,тополя діам. 30-35 см,1,NotYet,NotYet,False,NotYet,NotYet,"м. Кропивницький вул. Київська, уздовж дороги біля буд. № 5"
"№ 3696
 від 04.05.18","м. Кропивницький вул. Київська, уздовж дороги біля буд. № 7",48.50793300000731,32.262288,КП «Благоустрій» МРМК»,тополя діам. 30-35 см,1,NotYet,NotYet,False,NotYet,NotYet,"м. Кропивницький вул. Київська, уздовж дороги біля буд. № 7"
"№ 3696
 від 04.05.18","м. Кропивницький вул. Київська, уздовж дороги біля буд. № 10",50.4934,30.5879,КП «Благоустрій» МРМК»,клен діам. 30-35 см,1,NotYet,NotYet,False,NotYet,NotYet,"м. Кропивницький вул. Київська, уздовж дороги біля буд. № 10"
"№ 3696
 від 04.05.18","м. Кропивницький вул. Київська, уздовж дороги біля буд. № 10",50.4671,30.5522,КП «Благоустрій» МРМК»,акація діам. 50-55 см,1,NotYet,NotYet,False,NotYet,NotYet,"м. Кропивницький вул. Київська, уздовж дороги біля буд. № 10"
"№ 3696
 від 04.05.18","м. Кропивницький вул. Київська, уздовж дороги біля буд. № 11/3",48.50793300000184,32.262811,КП «Благоустрій» МРМК»,тополя діам. 30-35 см,2,NotYet,NotYet,False,NotYet,NotYet,"м. Кропивницький вул. Київська, уздовж дороги біля буд. № 11/3"
"№ 3696
 від 04.05.18","м. Кропивницький вул. Київська, уздовж дороги біля буд. № 12",48.50793300000863,32.262801,КП «Благоустрій» МРМК»,липа діам. 30-35 см,1,NotYet,NotYet,False,NotYet,NotYet,"м. Кропивницький вул. Київська, уздовж дороги біля буд. № 12"
"№ 3696
 від 04.05.18","м. Кропивницький вул. Київська, навпроти входу до коледжу",48.50793300000539,32.262471000000005,КП «Благоустрій» МРМК»,акація діам. 55-60 см,1,NotYet,NotYet,False,NotYet,NotYet,"м. Кропивницький вул. Київська, навпроти входу до коледжу"
"№ 3696
 від 04.05.18","м. Кропивницький вул. Київська, уздовж дороги біля буд. № 18",48.50793300000282,32.262401000000004,КП «Благоустрій» МРМК»,клен діам. 45-50 см,1,NotYet,NotYet,False,NotYet,NotYet,"м. Кропивницький вул. Київська, уздовж дороги біля буд. № 18"
"№ 3696
 від 04.05.18","м. Кропивницький вул. Київська, уздовж дороги біля буд. № 28",48.50793300000231,32.262974,КП «Благоустрій» МРМК»,акація діам. 50-55 см,1,NotYet,NotYet,False,NotYet,NotYet,"м. Кропивницький вул. Київська, уздовж дороги біля буд. № 28"
"№ 3696
 від 04.05.18","м. Кропивницький вул. Київська, уздовж дороги біля буд. № 32",48.507933000006894,32.262108000000005,КП «Благоустрій» МРМК»,акація діам. 55-60 см,2,NotYet,NotYet,False,NotYet,NotYet,"м. Кропивницький вул. Київська, уздовж дороги біля буд. № 32"
"№ 3696
 від 04.05.18","м. Кропивницький вул. Київська, уздовж дороги біля буд. № 34",48.50793300000539,32.262698,КП «Благоустрій» МРМК»,акація діам. 60-65 см,1,NotYet,NotYet,False,NotYet,NotYet,"м. Кропивницький вул. Київська, уздовж дороги біля буд. № 34"
"№ 3696
 від 04.05.18","м. Кропивницький вул. Київська, уздовж дороги біля буд. № 36",48.50793300000618,32.26238,КП «Благоустрій» МРМК»,клен діам. 20-25 см,1,NotYet,NotYet,False,NotYet,NotYet,"м. Кропивницький вул. Київська, уздовж дороги біля буд. № 36"
"№ 3696
 від 04.05.18","м. Кропивницький вул. Київська, уздовж дороги біля буд. № 42",48.50793300000429,32.262132,КП «Благоустрій» МРМК»,"акація, діам. 30-35 см",2,NotYet,NotYet,False,NotYet,NotYet,"м. Кропивницький вул. Київська, уздовж дороги біля буд. № 42"
"№ 3696
 від 04.05.18","м. Кропивницький вул. Київська, уздовж дороги біля буд. № 47",48.50793300000951,32.262536,КП «Благоустрій» МРМК»,клен діам. 35-40 см,1,NotYet,NotYet,False,NotYet,NotYet,"м. Кропивницький вул. Київська, уздовж дороги біля буд. № 47"
"№ 3696
 від 04.05.18","м. Кропивницький вул. Київська, уздовж дороги біля буд. № 49",48.50793300000644,32.262733000000004,КП «Благоустрій» МРМК»,клен діам. 35-40 см,1,NotYet,NotYet,False,NotYet,NotYet,"м. Кропивницький вул. Київська, уздовж дороги біля буд. № 49"
"№ 3696
 від 04.05.18","м. Кропивницький вул. Київська, уздовж дороги біля буд. № 51",48.50793300000918,32.262170000000005,КП «Благоустрій» МРМК»,клен діам. 55-60 см,1,NotYet,NotYet,False,NotYet,NotYet,"м. Кропивницький вул. Київська, уздовж дороги біля буд. № 51"
"№ 3696
 від 04.05.18","м. Кропивницький вул. Київська, уздовж дороги біля буд. № 53",48.507933000008066,32.262461,КП «Благоустрій» МРМК»,клен діам. 50-55 см,1,NotYet,NotYet,False,NotYet,NotYet,"м. Кропивницький вул. Київська, уздовж дороги біля буд. № 53"
"№ 3696
 від 04.05.18","м. Кропивницький вул. Київська, уздовж дороги біля буд. № 55",48.50793300000737,32.262393,КП «Благоустрій» МРМК»,клен діам. 30-35 см,2,NotYet,NotYet,False,NotYet,NotYet,"м. Кропивницький вул. Київська, уздовж дороги біля буд. № 55"
"№ 3696
 від 04.05.18","м. Кропивницький вул. Київська, уздовж дороги біля буд. № 55",48.50793300000123,32.262996,КП «Благоустрій» МРМК»,клен діам. 55-60 см,1,NotYet,NotYet,False,NotYet,NotYet,"м. Кропивницький вул. Київська, уздовж дороги біля буд. № 55"
"№ 3696
 від 04.05.18",м. Кропивницький уздовж дороги на розі з вул. Олени Бур'янової,48.50793300000795,32.262509,КП «Благоустрій» МРМК»,акація діам. 35-40 см,2,NotYet,NotYet,False,NotYet,NotYet,м. Кропивницький уздовж дороги на розі з вул. Олени Бур'янової
"№ 3696
 від 04.05.18",м. Кропивницький уздовж дороги від мосту до вул. Кременчуцька (права сторона),48.50793300000975,32.262896999999995,КП «Благоустрій» МРМК»,клен діам. 25-35 см,7,NotYet,NotYet,False,NotYet,NotYet,м. Кропивницький уздовж дороги від мосту до вул. Кременчуцька
"№ 3696
 від 04.05.18",м. Кропивницький уздовж дороги від мосту до вул. Кременчуцька (ліва сторона),48.50793300000947,32.262304,КП «Благоустрій» МРМК»,клен діам. 30-40 см,7,NotYet,NotYet,False,NotYet,NotYet,м. Кропивницький уздовж дороги від мосту до вул. Кременчуцька
"№ 3696
 від 04.05.18","м. Кропивницький вул. Київська, уздовж дороги біля буд.
 № 61/64",48.50793300000228,32.262553999999994,КП «Благоустрій» МРМК»,клен діам. 45-50 см,1,NotYet,NotYet,False,NotYet,NotYet,"м. Кропивницький вул. Київська, уздовж дороги біля буд.
 № 61/64"
"№ 3696
 від 04.05.18","м. Кропивницький вул. Київська, уздовж дороги біля буд.
 № 62",48.50793300000763,32.262203,КП «Благоустрій» МРМК»,клен діам. 30-35 см,1,NotYet,NotYet,False,NotYet,NotYet,"м. Кропивницький вул. Київська, уздовж дороги біля буд.
 № 62"
"№ 3696
 від 04.05.18","м. Кропивницький вул. Київська, уздовж дороги біля буд.
 № 65",48.50793300000733,32.262174,КП «Благоустрій» МРМК»,клен діам. 35-40 см,2,NotYet,NotYet,False,NotYet,NotYet,"м. Кропивницький вул. Київська, уздовж дороги біля буд.
 № 65"
"№ 3696
 від 04.05.18","м. Кропивницький вул. Київська, уздовж дороги біля буд.
 № 65/31",48.507933000001,32.262721,КП «Благоустрій» МРМК»,клен діам. 70-75 см,3,NotYet,NotYet,False,NotYet,NotYet,"м. Кропивницький вул. Київська, уздовж дороги біля буд.
 № 65/31"
"№ 3696
 від 04.05.18","м. Кропивницький вул. Київська, уздовж дороги біля буд.
 № 65/31",48.50793300000347,32.262899,КП «Благоустрій» МРМК»,клен діам. 35-40 см,1,NotYet,NotYet,False,NotYet,NotYet,"м. Кропивницький вул. Київська, уздовж дороги біля буд.
 № 65/31"
"№ 3696
 від 04.05.18","м. Кропивницький вул. Київська, уздовж дороги біля буд.
 № 69",48.50793300000201,32.262501,КП «Благоустрій» МРМК»,клен діам. 30-35 см,1,NotYet,NotYet,False,NotYet,NotYet,"м. Кропивницький вул. Київська, уздовж дороги біля буд.
 № 69"
"№ 3696
 від 04.05.18","м. Кропивницький вул. Київська, уздовж дороги біля буд.
 № 70",48.50793300000946,32.262104,КП «Благоустрій» МРМК»,клен діам. 30-35 см,2,NotYet,NotYet,False,NotYet,NotYet,"м. Кропивницький вул. Київська, уздовж дороги біля буд.
 № 70"
"№ 3696
 від 04.05.18","м. Кропивницький вул. Київська, уздовж дороги біля буд.
 № 71",48.50793300000742,32.262352,КП «Благоустрій» МРМК»,клен діам. 25-35 см,5,NotYet,NotYet,False,NotYet,NotYet,"м. Кропивницький вул. Київська, уздовж дороги біля буд.
 № 71"
"№ 3696
 від 04.05.18","м. Кропивницький вул. Київська, уздовж дороги біля буд.
 № 74/59",48.50793300000363,32.262199,КП «Благоустрій» МРМК»,клен діам. 60-65 см,2,NotYet,NotYet,False,NotYet,NotYet,"м. Кропивницький вул. Київська, уздовж дороги біля буд.
 № 74/59"
"№ 3696
 від 04.05.18","м. Кропивницький вул. Київська, уздовж дороги біля буд.
 № 76",48.5079330000078,32.262941999999995,КП «Благоустрій» МРМК»,клен діам. 55-60 см,1,NotYet,NotYet,False,NotYet,NotYet,"м. Кропивницький вул. Київська, уздовж дороги біля буд.
 № 76"
"№ 3696
 від 04.05.18","м. Кропивницький вул. Київська, уздовж дороги біля буд.
 № 78",48.507933000008705,32.262237,КП «Благоустрій» МРМК»,клен діам. 20-25 см,1,NotYet,NotYet,False,NotYet,NotYet,"м. Кропивницький вул. Київська, уздовж дороги біля буд.
 № 78"
"№ 3696
 від 04.05.18","м. Кропивницький вул. Київська, уздовж дороги біля буд.
 № 80",48.50793300000493,32.262682,КП «Благоустрій» МРМК»,клен діам. 40-45 см,2,NotYet,NotYet,False,NotYet,NotYet,"м. Кропивницький вул. Київська, уздовж дороги біля буд.
 № 80"
"№ 3696
 від 04.05.18","м. Кропивницький вул. Київська, уздовж дороги біля буд.
 № 82",48.50793300000866,32.262321,КП «Благоустрій» МРМК»,клен діам. 55-65 см,3,NotYet,NotYet,False,NotYet,NotYet,"м. Кропивницький вул. Київська, уздовж дороги біля буд.
 № 82"
"№ 3696
 від 04.05.18","м. Кропивницький вул. Київська, уздовж дороги біля буд.
 № 83",48.5079330000062,32.262273,КП «Благоустрій» МРМК»,клен діам. 50-55 см,1,NotYet,NotYet,False,NotYet,NotYet,"м. Кропивницький вул. Київська, уздовж дороги біля буд.
 № 83"
"№ 3696
 від 04.05.18","м. Кропивницький вул. Київська, уздовж дороги біля буд.
 № 84",48.5079330000037,32.262814,КП «Благоустрій» МРМК»,клен діам. 35-45 см,4,NotYet,NotYet,False,NotYet,NotYet,"м. Кропивницький вул. Київська, уздовж дороги біля буд.
 № 84"
"№ 3696
 від 04.05.18","м. Кропивницький вул. Київська, уздовж дороги біля буд.
 № 85",48.507933000008144,32.262438,КП «Благоустрій» МРМК»,клен діам. 60-65 см,1,NotYet,NotYet,False,NotYet,NotYet,"м. Кропивницький вул. Київська, уздовж дороги біля буд.
 № 85"
"№ 3696
 від 04.05.18","м. Кропивницький вул. Київська, уздовж дороги біля буд.
 № 85-а",48.50793300000313,32.26222,КП «Благоустрій» МРМК»,клен діам. 60-65 см,1,NotYet,NotYet,False,NotYet,NotYet,"м. Кропивницький вул. Київська, уздовж дороги біля буд.
 № 85-а"
"№ 3696
 від 04.05.18","м. Кропивницький вул. Київська, уздовж дороги біля буд.
 № 89/43",48.50793300000447,32.262429,КП «Благоустрій» МРМК»,акація діам. 80-85 см,1,NotYet,NotYet,False,NotYet,NotYet,"м. Кропивницький вул. Київська, уздовж дороги біля буд.
 № 89/43"
"№ 3696
 від 04.05.18","м. Кропивницький вул. Київська, уздовж дороги біля буд.
 № 92 та № 94",48.50793300000685,32.262336,КП «Благоустрій» МРМК»,клен діам. 35-45 см,3,NotYet,NotYet,False,NotYet,NotYet,"м. Кропивницький вул. Київська, уздовж дороги біля буд.
 № 92 та № 94"
"№ 3696
 від 04.05.18","м. Кропивницький вул. Київська, уздовж дороги біля буд.
 № 96",48.507933000003575,32.262862,КП «Благоустрій» МРМК»,клен діам. 25-30 см,1,NotYet,NotYet,False,NotYet,NotYet,"м. Кропивницький вул. Київська, уздовж дороги біля буд.
 № 96"
"№ 3696
 від 04.05.18","м. Кропивницький вул. Київська, уздовж дороги біля буд.
 № 100",48.50793300000775,32.262159999999994,КП «Благоустрій» МРМК»,клен діам. 30-40 см,2,NotYet,NotYet,False,NotYet,NotYet,"м. Кропивницький вул. Київська, уздовж дороги біля буд.
 № 100"
"№ 3696
 від 04.05.18","м. Кропивницький вул. Київська, уздовж дороги біля буд.
 № 102/48",48.507933000007476,32.262145000000004,КП «Благоустрій» МРМК»,клен діам. 50-55 см,1,NotYet,NotYet,False,NotYet,NotYet,"м. Кропивницький вул. Київська, уздовж дороги біля буд.
 № 102/48"
"№ 3696
 від 04.05.18","м. Кропивницький вул. Київська, уздовж дороги біля буд.
 № 108",48.507933000007,32.262471000000005,КП «Благоустрій» МРМК»,клен діам. 20-30 см,3,NotYet,NotYet,False,NotYet,NotYet,"м. Кропивницький вул. Київська, уздовж дороги біля буд.
 № 108"
"№ 3696
 від 04.05.18","м. Кропивницький вул. Київська, уздовж дороги біля буд.
 № 108",48.507933000001685,32.262236,КП «Благоустрій» МРМК»,клен діам. 35-45 см,2,NotYet,NotYet,False,NotYet,NotYet,"м. Кропивницький вул. Київська, уздовж дороги біля буд.
 № 108"
"№ 3696
 від 04.05.18","м. Кропивницький вул. Київська, уздовж дороги біля буд.
 № 110",48.50793300000385,32.262759,КП «Благоустрій» МРМК»,клен діам. 60-65 см,1,NotYet,NotYet,False,NotYet,NotYet,"м. Кропивницький вул. Київська, уздовж дороги біля буд.
 № 110"
"№ 3696
 від 04.05.18","м. Кропивницький вул. Київська, уздовж дороги біля буд.
 № 112",48.50793300000857,32.262291,КП «Благоустрій» МРМК»,клен діам. 35-40 см,1,NotYet,NotYet,False,NotYet,NotYet,"м. Кропивницький вул. Київська, уздовж дороги біля буд.
 № 112"
"№ 3696
 від 04.05.18","м. Кропивницький вул. Київська, уздовж дороги біля буд.
 № 118/57",48.50793300000578,32.262204,КП «Благоустрій» МРМК»,клен діам. 60-65 см,1,NotYet,NotYet,False,NotYet,NotYet,"м. Кропивницький вул. Київська, уздовж дороги біля буд.
 № 118/57"
"№ 3697
 від 04.05.18","м. Кропивницький вул. Яновського, 60 (на території Кіровоградської міської станції юних техніків)",48.49533579999428,32.24323,Управління освіти Міської ради,клен діам. 60-65 см,1,NotYet,NotYet,False,NotYet,NotYet,"м. Кропивницький вул. Яновського, 60"
"№ 3698
 від 04.05.18","м. Кропивницький вул. Преображенська, 101 (на території ДНЗ № 37 «Ластівка»)",48.498782,32.286696899999995,Управління освіти Міської ради,верба плакуча діам. 75-80 см,1,NotYet,NotYet,False,NotYet,NotYet,"м. Кропивницький вул. Преображенська, 101"
"№ 3699
 від 04.05.18","м. Кропивницький вул. Бєляєва, 29, корп. 2 (під’їзд № 5)",48.5040835,32.2273976,КП «ЖЕО № 3» Міської ради міста Кропивницького,яблуня діам. 50-55 см,1,№ 1357/03-01-06 від 22.05.18,22.05.18,True,№ 1357/03-01-06,22.05.18,"м. Кропивницький вул. Бєляєва, 29, корп. 2"
"№ 3670
 від 04.05.18","м. Кропивницький вул. Волкова, 28, корп. 4 (між під. № 4 та № 5)",48.49836079999999,32.2254717,КП «ЖЕО № 3» Міської ради міста Кропивницького,абрикос діам. 15-20 см,2,NotYet,NotYet,False,NotYet,NotYet,"м. Кропивницький вул. Волкова, 28, корп. 4"
"№ 3670
 від 04.05.18","м. Кропивницький вул. Волкова, 28, корп. 4 (між під. № 4 та № 5)",48.4983711,32.2254115,КП «ЖЕО № 3» Міської ради міста Кропивницького,груша діам. 10-15 см,1,NotYet,NotYet,False,NotYet,NotYet,"м. Кропивницький вул. Волкова, 28, корп. 4"
"№ 3701
 від 04.05.18","м. Кропивницький пров. Миргородський, 23 (навпроти під. № 1)",48.507933000009146,32.262651,КП «ЖЕО № 3» Міської ради міста Кропивницького,верба плакуча діам. 95-100 см,1,№ 1357/03-01-06 від 22.05.18,22.05.18,True,№ 1357/03-01-06,22.05.18,"м. Кропивницький пров. Миргородський, 23"
"№ 3702
 від 04.05.18","м. Кропивницький вул. Академіка Тамма, 5",48.499175,32.2368396,КП «ЖЕО № 3» Міської ради міста Кропивницького,горіх діам. 40-45 см,1,№ 1357/03-01-06 від 22.05.18,22.05.18,True,№ 1357/03-01-06,22.05.18,"м. Кропивницький вул. Академіка Тамма, 5"
"№ 3702
 від 04.05.18","м. Кропивницький вул. Академіка Тамма, 5",48.49923,32.236818199999995,КП «ЖЕО № 3» Міської ради міста Кропивницького,береза діам. 15-20 см,1,№ 1357/03-01-06 від 22.05.18,22.05.18,True,№ 1357/03-01-06,22.05.18,"м. Кропивницький вул. Академіка Тамма, 5"
"№ 3703
 від 04.05.18","м. Кропивницький вул. Генерала Родимцева, 85 (біля дитячого майданчика)",48.4972761,32.300314,ОСББ «Горизонт-85»,тополя діам. 80-95 см,3,№ 1357/03-01-06 від 22.05.18,22.05.18,True,№ 1357/03-01-06,22.05.18,"м. Кропивницький вул. Генерала Родимцева, 85"
№ 3704 від 04.05.18,"м. Кропивницький вул. Академіка Тамма, біля будинку № 4",48.4984814,32.233290000000004,ПП «Сервіс Кіровоград»,акація діам. 25-45 см,22,NotYet,NotYet,False,NotYet,NotYet,"м. Кропивницький вул. Академіка Тамма, біля будинку № 4"
№ 3704 від 04.05.18,"м. Кропивницький вул. Академіка Тамма, біля будинку № 4",48.49844470000001,32.233622,ПП «Сервіс Кіровоград»,берест діам. 20-25,2,NotYet,NotYet,False,NotYet,NotYet,"м. Кропивницький вул. Академіка Тамма, біля будинку № 4"
№ 3704 від 04.05.18,"м. Кропивницький вул. Академіка Тамма, біля будинку № 4",48.49845360000001,32.233982,ПП «Сервіс Кіровоград»,берест діам. 35-45 см,3,NotYet,NotYet,False,NotYet,NotYet,"м. Кропивницький вул. Академіка Тамма, біля будинку № 4"
№ 3704 від 04.05.18,"м. Кропивницький вул. Академіка Тамма, біля будинку № 4",48.4984283,32.23386,ПП «Сервіс Кіровоград»,клен діам. 30-35 см,3,NotYet,NotYet,False,NotYet,NotYet,"м. Кропивницький вул. Академіка Тамма, біля будинку № 4"
№ 3705 від 04.05.18,"м. Кропивницький вул. Січових стрільців, 1-а",48.507933000003746,32.26214,гр. Коваленко Е.А.,клен діам. 80-85 см,1,NotYet,NotYet,False,NotYet,NotYet,"м. Кропивницький вул. Січових стрільців, 1-а"
№ 3706 від 04.05.18,м. Кропивницький вздовж річки Інгул (від гідротехнічної споруди КП «Теплоенергетик» до пішохідного мосту біля Ковалівського пляжу),48.5292144,32.24545,ГУ ЖКГ МР МК,тополя діам. 45-50 см,1,NotYet,NotYet,False,NotYet,NotYet,м. Кропивницький вздовж річки Інгул
№ 3706 від 04.05.18,м. Кропивницький вздовж річки Інгул (від гідротехнічної споруди КП «Теплоенергетик» до пішохідного мосту біля Ковалівського пляжу),48.5292229,32.2454632,ГУ ЖКГ МР МК,тополя діам. 60-70 см,1,NotYet,NotYet,False,NotYet,NotYet,м. Кропивницький вздовж річки Інгул
№ 3706 від 04.05.18,м. Кропивницький вздовж річки Інгул (від гідротехнічної споруди КП «Теплоенергетик» до пішохідного мосту біля Ковалівського пляжу),48.5292116,32.2454868,ГУ ЖКГ МР МК,клен діам. 55-60 см,2,NotYet,NotYet,False,NotYet,NotYet,м. Кропивницький вздовж річки Інгул
№ 3706 від 04.05.18,м. Кропивницький вздовж річки Інгул (від гідротехнічної споруди КП «Теплоенергетик» до пішохідного мосту біля Ковалівського пляжу),48.5292772,32.2454948,ГУ ЖКГ МР МК,клен 3 діам. 55-60 см,1,NotYet,NotYet,False,NotYet,NotYet,м. Кропивницький вздовж річки Інгул
№ 3706 від 04.05.18,м. Кропивницький вздовж річки Інгул (від гідротехнічної споруди КП «Теплоенергетик» до пішохідного мосту біля Ковалівського пляжу),48.5292711,32.2454642,ГУ ЖКГ МР МК,клен 5 діам. 35-60 см,1,NotYet,NotYet,False,NotYet,NotYet,м. Кропивницький вздовж річки Інгул
№ 3706 від 04.05.18,м. Кропивницький вздовж річки Інгул (від гідротехнічної споруди КП «Теплоенергетик» до пішохідного мосту біля Ковалівського пляжу),48.5292645,32.245467,ГУ ЖКГ МР МК,клен 3 діам. 35-60 см,1,NotYet,NotYet,False,NotYet,NotYet,м. Кропивницький вздовж річки Інгул
№ 3706 від 04.05.18,м. Кропивницький вздовж річки Інгул (від гідротехнічної споруди КП «Теплоенергетик» до пішохідного мосту біля Ковалівського пляжу),48.5292629,32.245438199999995,ГУ ЖКГ МР МК,клен 4 діам. 45-70 см,1,NotYet,NotYet,False,NotYet,NotYet,м. Кропивницький вздовж річки Інгул
№ 3706 від 04.05.18,м. Кропивницький вздовж річки Інгул (від гідротехнічної споруди КП «Теплоенергетик» до пішохідного мосту біля Ковалівського пляжу),48.5292975,32.245497,ГУ ЖКГ МР МК,берест 3 діам. 45-60 см,2,NotYet,NotYet,False,NotYet,NotYet,м. Кропивницький вздовж річки Інгул
№ 3706 від 04.05.18,м. Кропивницький вздовж річки Інгул (від гідротехнічної споруди КП «Теплоенергетик» до пішохідного мосту біля Ковалівського пляжу),48.5292824,32.2454157,ГУ ЖКГ МР МК,берест 2 діам. 60-75 см,1,NotYet,NotYet,False,NotYet,NotYet,м. Кропивницький вздовж річки Інгул
№ 3706 від 04.05.18,м. Кропивницький вздовж річки Інгул (від гідротехнічної споруди КП «Теплоенергетик» до пішохідного мосту біля Ковалівського пляжу),48.5292265,32.2454303,ГУ ЖКГ МР МК,берест 2 діам. 55-75 см,2,NotYet,NotYet,False,NotYet,NotYet,м. Кропивницький вздовж річки Інгул
"№ 3707
 від 11.05.18","м. Кропивницький вул. Комарова, 3 (збоку під. № 1)",48.5079330000095,32.262840999999995,ОЖБК,клен діам. 30-35 см,1,№ 1357/03-01-06 від 22.05.18,22.05.18,True,№ 1357/03-01-06,22.05.18,"м. Кропивницький вул. Комарова, 3"
"№ 3707
 від 11.05.18","м. Кропивницький вул. Комарова, 3 (збоку під. № 1)",48.5079330000092,32.262679,ОЖБК,акація діам. 45-50 см,1,№ 1357/03-01-06 від 22.05.18,22.05.18,True,№ 1357/03-01-06,22.05.18,"м. Кропивницький вул. Комарова, 3"
"№ 3708
 від 11.05.18","м. Кропивницький вул. Лінія, 6, 30 (ЗОШ № 22)",48.4721664,32.2814139,Управління освіти,черешня діам. 95-100 см,1,NotYet,NotYet,False,NotYet,NotYet,"м. Кропивницький вул. Лінія, 6, 30"
"№ 3709
 від 11.05.18","м. Кропивницький вул. Євгена Тельнова, 8, корп. 2 (навпроти під'їзду № 4 та № 2)",48.5026634,32.2299662,КП «ЖЕО № 3» Міської ради міста Кропивницького,черешня діам. 55-65 см,2,№ 1357/03-01-06 від 22.05.18,22.05.18,True,№ 1357/03-01-06,22.05.18,"м. Кропивницький вул. Євгена Тельнова, 8, корп. 2"
"№ 3710
 від 11.05.18","м. Кропивницький вул. Преображенська, уздовж дороги, біля будинку № 58",48.5024802,32.27539960000228,гр. Краснюк А.С.,тополя діам. 85-90 см,1,№ 1357/03-01-06 від 22.05.18,22.05.18,True,№ 1357/03-01-06,22.05.18,"м. Кропивницький вул. Преображенська, уздовж дороги, біля будинку № 58"
"№ 3710
 від 11.05.18","м. Кропивницький вул. Преображенська, уздовж дороги, біля будинку № 58",48.5024124,32.275399600001265,гр. Краснюк А.С.,акація діам. 65-70 см,1,№ 1357/03-01-06 від 22.05.18,22.05.18,True,№ 1357/03-01-06,22.05.18,"м. Кропивницький вул. Преображенська, уздовж дороги, біля будинку № 58"
"№ 3711
 від 11.05.18","м. Кропивницький вул. Арсенія Тарковського, 68",48.5057175,32.2680328,КП «Благоустрій» МРМК»,акація діам. 65-70 см,1,№ 1357/03-01-06 від 22.05.18,22.05.18,True,№ 1357/03-01-06,22.05.18,"м. Кропивницький вул. Арсенія Тарковського, 68"
"№ 3712
 від 11.05.18","м. Кропивницький вул. Шевченка, 21/27 (уздовж дороги по
 вул. Шевченка)",48.50793300000622,32.262306,КП «Благоустрій» МРМК»,каштан діам. 30-35 см,1,№ 1357/03-01-06 від 22.05.18,22.05.18,True,№ 1357/03-01-06,22.05.18,"м. Кропивницький вул. Шевченка, 21/27"
"№ 3712
 від 11.05.18","м. Кропивницький вул. Арсенія Тарковського, 17 (уздовж дороги)",48.5134709,32.275521600000516,КП «Благоустрій» МРМК»,акація діам. 85-90 см,1,№ 1357/03-01-06 від 22.05.18,22.05.18,True,№ 1357/03-01-06,22.05.18,"м. Кропивницький вул. Арсенія Тарковського, 17"
"№ 3713
 від 11.05.18","м. Кропивницький вул. Михайлівська, 54 (уздовж дороги)",48.507933000004904,32.262739,КП «Благоустрій» МРМК»,тополя діам. 65-70 см,1,№ 1357/03-01-06 від 22.05.18,22.05.18,True,№ 1357/03-01-06,22.05.18,"м. Кропивницький вул. Михайлівська, 54"
"№ 3713
 від 11.05.18","м. Кропивницький пров. Азовський, від вул. Мінської в бік бази відпочинку «Горняк»)",48.50793300000245,32.26218,КП «Благоустрій» МРМК»,тополя діам. 50-65 см,2,№ 1357/03-01-06 від 22.05.18,22.05.18,True,№ 1357/03-01-06,22.05.18,"м. Кропивницький пров. Азовський, від вул. Мінської в бік бази відпочинку «Горняк»)"
"№ 3713
 від 11.05.18","м. Кропивницький пров. Азовський, від вул. Мінської в бік бази відпочинку «Горняк»)",48.50793300000903,32.262190000000004,КП «Благоустрій» МРМК»,тополя діам. 45-50 см,2,№ 1357/03-01-06 від 22.05.18,22.05.18,True,№ 1357/03-01-06,22.05.18,"м. Кропивницький пров. Азовський, від вул. Мінської в бік бази відпочинку «Горняк»)"
"№ 3713
 від 11.05.18","м. Кропивницький пров. Азовський, від вул. Мінської в бік бази відпочинку «Горняк»)",48.50793300000728,32.262881,КП «Благоустрій» МРМК»,тополя діам. 75-80 см,1,№ 1357/03-01-06 від 22.05.18,22.05.18,True,№ 1357/03-01-06,22.05.18,"м. Кропивницький пров. Азовський, від вул. Мінської в бік бази відпочинку «Горняк»)"
"№ 3714
 від 11.05.18","м. Кропивницький вул. Карабінерна, 30/79",48.5073710000008,32.276318,КП «ЖЕО № 2» Міської ради міста Кропивницького,тополя діам. 55-60 см,1,NotYet,NotYet,False,NotYet,NotYet,"м. Кропивницький вул. Карабінерна, 30/79"
"№ 3714
 від 11.05.18","м. Кропивницький вул. Пашутінська, 13 (біля будинку)",48.5121261,32.272032,КП «ЖЕО № 2» Міської ради міста Кропивницького,акація діам. 50-55 см,1,NotYet,NotYet,False,NotYet,NotYet,"м. Кропивницький вул. Пашутінська, 13"
"№ 3715
 від 11.05.18","м. Кропивницький просп. Університетський, 11",48.5048103,32.2096483,КЗ «Кіровоградський музичний коледж»,береза діам. 35-40 см,2,NotYet,NotYet,False,NotYet,NotYet,"м. Кропивницький просп. Університетський, 11"
"№ 3715
 від 11.05.18","м. Кропивницький просп. Університетський, 11",48.50488970000001,32.2096614,КЗ «Кіровоградський музичний коледж»,горобина діам. 10-15 см,1,NotYet,NotYet,False,NotYet,NotYet,"м. Кропивницький просп. Університетський, 11"
"№ 3716
 від 11.05.18","м. Кропивницький вул. Євгена Маланюка, 4 (на території музичного коледжу)",48.5189,32.278374,КЗ «Кіровоградський музичний коледж»,береза діам. 20-25 см,1,NotYet,NotYet,False,NotYet,NotYet,"м. Кропивницький вул. Євгена Маланюка, 4"
"№ 3717
 від 11.05.18","м. Кропивницький вул. Генерала Жадова, 28, корп. 2",48.490570299991894,32.201328499999995,ОСББ «Гарант»,вишня діам. 20-25 см,1,NotYet,NotYet,False,NotYet,NotYet,"м. Кропивницький вул. Генерала Жадова, 28, корп. 2"
"№ 3718
 від 11.05.18","м. Кропивницький вул. Андрія Матвієнака, 21 (уздовж дороги)",48.50793300000282,32.262427,гр. Василевський Є.В.,акація діам. 40-45 см,1,NotYet,NotYet,False,NotYet,NotYet,"м. Кропивницький вул. Андрія Матвієнака, 21"
"№ 3719
 від 11.05.18","м. Кропивницький вул. Дворцова, 6/7",48.5134889,32.260131699999995,ГУ юстиції у Кіровоградській області,каштан діам. 45-50 см,1,NotYet,NotYet,False,NotYet,NotYet,"м. Кропивницький вул. Дворцова, 6/7"
"№ 3720
 від 11.05.18","м. Кропивницький вул. Запорозька, 16/2",48.507933000005366,32.262466,гр. Полонська М.Г.,абрикос діам. 30-35 см,1,NotYet,NotYet,False,NotYet,NotYet,"м. Кропивницький вул. Запорозька, 16/2"
"№ 3720
 від 11.05.18","м. Кропивницький вул. Запорозька, 16/2",48.507933000008144,32.262751,гр. Полонська М.Г.,шовковиця діам. 35-40 см,1,NotYet,NotYet,False,NotYet,NotYet,"м. Кропивницький вул. Запорозька, 16/2"
"№ 3721
 від 11.05.18","м. Кропивницький вул. Академіка Тамма, 27 (на території ДНЗ № 48 «Журавушка»",48.49833830000988,32.23369150000073,МЧС Міської ради,тополя діам. 65-70 см,1,NotYet,NotYet,False,NotYet,NotYet,"м. Кропивницький вул. Академіка Тамма, 27"
"№ 3721
 від 11.05.18","м. Кропивницький вул. Академіка Тамма, 27 (на території ДНЗ № 48 «Журавушка»",48.498338300009614,32.233691500000624,МЧС Міської ради,тополя діам. 40-45 см,1,NotYet,NotYet,False,NotYet,NotYet,"м. Кропивницький вул. Академіка Тамма, 27"
"№ 3721
 від 11.05.18","м. Кропивницький вул. Академіка Тамма, 27 (на території ДНЗ № 48 «Журавушка»",48.49833830000823,32.233691500000624,МЧС Міської ради,верба діам. 80-85 см,1,NotYet,NotYet,False,NotYet,NotYet,"м. Кропивницький вул. Академіка Тамма, 27"
"№ 3721
 від 11.05.18","м. Кропивницький вул. Академіка Тамма, 27 (на території ДНЗ № 48 «Журавушка»",48.49833830000179,32.23369150000098,МЧС Міської ради,береза діам. 25-30 см,1,NotYet,NotYet,False,NotYet,NotYet,"м. Кропивницький вул. Академіка Тамма, 27"
"№ 3722
 від 29.05.18","м. Кропивницький вул. Короленка, сквер «Катюша»",48.5353586,32.2713678,ОКВП «Дніпро-Кіровоград»,береза діам. 40-45 см,1,NotYet,NotYet,False,NotYet,NotYet,"м. Кропивницький вул. Короленка, сквер «Катюша»"
"№ 3722
 від 29.05.18","м. Кропивницький вул. Короленка, сквер «Катюша»",48.5353963,32.2713716,ОКВП «Дніпро-Кіровоград»,"спірея, кущ",5,NotYet,NotYet,False,NotYet,NotYet,"м. Кропивницький вул. Короленка, сквер «Катюша»"
"№ 3723
 від 29.05.18","м. Кропивницький вул. Євгена Маланюка, уздовж дороги навпроти магазину «Світ»",48.5193373,32.2803921,КП «Благоустрій» МРМК»,тополя діам. 35-40 см,1,NotYet,NotYet,False,NotYet,NotYet,"м. Кропивницький вул. Євгена Маланюка, уздовж дороги навпроти магазину «Світ»"
"№ 3723
 від 29.05.18","м. Кропивницький просп. Перемоги, позаду ЗОШ № 20",48.5204,32.2510200000004,КП «Благоустрій» МРМК»,клен діам. 75-80 см,1,NotYet,NotYet,False,NotYet,NotYet,"м. Кропивницький просп. Перемоги, позаду ЗОШ № 20"
"№ 3724
 від 29.05.18","м. Кропивницький вул. Будівельників, 1-а",48.5615486,32.2417624,КП «Благоустрій» МРМК»,сосна діам. 30-35 см,1,NotYet,NotYet,False,NotYet,NotYet,"м. Кропивницький вул. Будівельників, 1-а"
"№ 3725
 від 29.05.18","м. Кропивницький вул. Велика Перспективна, 1 (на території ГУ НП в Кіровоградській області)",48.511581,32.262040899999995,ГУ НП в Кіровоградській області,каштан діам. 65-70 см,1,NotYet,NotYet,False,NotYet,NotYet,"м. Кропивницький вул. Велика Перспективна, 1"
"№ 3726
 від 31.05.18","м. Кропивницький вул. Автолюбителів, 4, уздовж гаражного кооперативу «Автолюбитель-2» з боку
 вул. Автолюбителів",48.4876397,32.2264258,Гаражний кооператив,тополя діам. 25-30 см,1,NotYet,NotYet,False,NotYet,NotYet,"м. Кропивницький вул. Автолюбителів, 4, уздовж гаражного кооперативу «Автолюбитель-2» з боку
 вул. Автолюбителів"
"№ 3727
 від 31.05.18","м. Кропивницький вул. Академіка Тамма, 9",48.499378,32.2368188,КП «ЖЕО № 3» Міської ради міста Кропивницького,липа діам. 30-35 см,1,NotYet,NotYet,False,NotYet,NotYet,"м. Кропивницький вул. Академіка Тамма, 9"
"№ 3727
 від 31.05.18","м. Кропивницький вул. Академіка Тамма, 9",48.499572,32.236857300000004,КП «ЖЕО № 3» Міської ради міста Кропивницького,горіх діам. 35-40 см,1,NotYet,NotYet,False,NotYet,NotYet,"м. Кропивницький вул. Академіка Тамма, 9"
"№ 3727
 від 31.05.18","м. Кропивницький вул. Академіка Тамма, 9",48.499367,32.2368773,КП «ЖЕО № 3» Міської ради міста Кропивницького,абрикос діам. 25-35 см,2,NotYet,NotYet,False,NotYet,NotYet,"м. Кропивницький вул. Академіка Тамма, 9"
"№ 3727
 від 31.05.18","м. Кропивницький вул. Академіка Тамма, 9",48.499515,32.236836100000005,КП «ЖЕО № 3» Міської ради міста Кропивницького,абрикос 2 діам. 25-30 см,1,NotYet,NotYet,False,NotYet,NotYet,"м. Кропивницький вул. Академіка Тамма, 9"
"№ 3729
 від 31.05.18","м. Кропивницький вул. Соборна, 22-а",48.5023311,32.2475499,КП «ЖЕО № 3» Міської ради міста Кропивницького,верба плакуча діам. 75-80 см,1,NotYet,NotYet,False,NotYet,NotYet,"м. Кропивницький вул. Соборна, 22-а"
"№ 3730
 від 31.05.18","м. Кропивницький вул. Соборна, 23/34",48.50092249999739,32.2413276,КП «ЖЕО № 3» Міської ради міста Кропивницького,горіх діам. 60-65 см,1,NotYet,NotYet,False,NotYet,NotYet,"м. Кропивницький вул. Соборна, 23/34"
"№ 3731
 від 31.05.18","м. Кропивницький вул. Волкова, 14, корп. 2",48.50765879999925,32.223417100000006,КП «ЖЕО № 3» Міської ради міста Кропивницького,тополя діам. 65-75 см,2,NotYet,NotYet,False,NotYet,NotYet,"м. Кропивницький вул. Волкова, 14, корп. 2"
"№ 3732
 від 31.05.18","м. Кропивницький вул. Євгена Тельнова, 2-в",48.5018138,32.234137,КП «ЖЕО № 3» Міської ради міста Кропивницького,яблуня діам. 30-35 см,1,NotYet,NotYet,False,NotYet,NotYet,"м. Кропивницький вул. Євгена Тельнова, 2-в"
"№ 3733
 від 31.05.18","м. Кропивницький вул. Академіка Корольова, 3",48.503226,32.235916,ОЖБК,горіх діам. 40-45 см,1,NotYet,NotYet,False,NotYet,NotYet,"м. Кропивницький вул. Академіка Корольова, 3"
"№ 3734
 від 31.05.18","м. Кропивницький вул. Арсенія Тарковського, 2",48.51636,32.2783326,КП «ЖЕО № 2» Міської ради міста Кропивницького,черешня діам. 30-35 см,1,NotYet,NotYet,False,NotYet,NotYet,"м. Кропивницький вул. Арсенія Тарковського, 2"
"№ 3735
 від 31.05.18","м. Кропивницький вул. Архітектора Паученка, 51/44, уздовж дороги по вул. Архітектора Паученка",48.509305,32.271507,КП «ЖЕО № 2» Міської ради міста Кропивницького,акація діам. 40-45 см,1,NotYet,NotYet,False,NotYet,NotYet,"м. Кропивницький вул. Архітектора Паученка, 51/44, уздовж дороги по вул. Архітектора Паученка"
"№ 3735
 від 31.05.18","м. Кропивницький вул. Велика Перспективна, 25/34, у дворі уздовж паркану",48.5115872,32.268388,КП «ЖЕО № 2» Міської ради міста Кропивницького,тополя діам. 70-75 см,2,NotYet,NotYet,False,NotYet,NotYet,"м. Кропивницький вул. Велика Перспективна, 25/34, у дворі уздовж паркану"
"№ 3735
 від 31.05.18","м. Кропивницький вул. Архангельська, 65/108, уздовж дороги по вул. Архангельській",48.50504650000001,32.272234000000005,КП «ЖЕО № 2» Міської ради міста Кропивницького,клен діам. 65-70 см,1,NotYet,NotYet,False,NotYet,NotYet,"м. Кропивницький вул. Архангельська, 65/108, уздовж дороги по вул. Архангельській"
"№ 3735
 від 31.05.18","м. Кропивницький вул. Пашутінська, 51-а",48.5083306,32.2683304,КП «ЖЕО № 2» Міської ради міста Кропивницького,каштан діам. 45-50 см,1,NotYet,NotYet,False,NotYet,NotYet,"м. Кропивницький вул. Пашутінська, 51-а"
"№ 3736
 від 31.05.18","м. Кропивницький вул. Гагаріна, 7",48.5138976,32.2693105,КП «ЖЕО № 2» Міської ради міста Кропивницького,берест діам. 55-60 см,1,NotYet,NotYet,False,NotYet,NotYet,"м. Кропивницький вул. Гагаріна, 7"
